:020000040800F2
:10000000F860002031030008A7240008CD1B000879
:10001000A5240008690D0008F9450008000000004B
:10002000000000000000000000000000790200084D
:100030005D0F000800000000CD0200080134000838
:100040004B0300084B0300084B0300084B03000858
:100050004B0300084B0300084B0300084B03000848
:100060004B0300084B0300084B0300084B03000838
:100070004B0300084B0300084B0300084B03000828
:100080004B0300084B0300084B0300084B03000818
:10009000A10D00084B0300084B0300084B030008A8
:1000A0004B0300084B0300084B0300084B030008F8
:1000B0001537000825370008393700084B030008BA
:1000C0004B0300084B0300084B0300084B030008D8
:1000D0004B0300087940000879410008AD4300084F
:1000E0004B0300084B0300084B030008613700086E
:1000F000D93900084B030008753700084B03000886
:100100004B0300084B0300084D3700084B03000861
:100110004B030008893F00084B0300084B0300080D
:100120004B0300084B0300084B0300084B03000877
:100130004B0300084B0300084B0300084B03000867
:100140004B0300084B0300084B0300084B03000857
:100150004B0300084B0300084B0300084B03000847
:100160004B0300084B0300084B0300084B03000837
:100170004B0300084B0300084B0300084B03000827
:100180004B0300084B03000800F002F800F064F88D
:100190000AA090E8000C82448344AAF10107DA45E2
:1001A00001D100F059F8AFF2090EBAE80F0013F0D0
:1001B000010F18BFFB1A43F0010318479CB200005F
:1001C000BCB200000A444FF0000C10F8013B13F0E1
:1001D000070408BF10F8014B1D1108BF10F8015BA0
:1001E000641E05D010F8016B641E01F8016BF9D193
:1001F00013F0080F1EBF10F8014BAD1C0C1B09D1EA
:100200006D1E58BF01F801CBFAD505E014F8016B5B
:1002100001F8016B6D1EF9D59142D6D370470000ED
:100220000023002400250026103A28BF78C1FBD8FF
:10023000520728BF30C148BF0B607047642900F0E7
:100240000381732900F03E82002070471FB509F03A
:1002500006FD1FBD10B510BD00F0B0FA1146FFF746
:10026000F5FF06F049F900F0CEFA03B4FFF7F2FF0C
:1002700003BC05F00DFF00002A4B19680868B0E8C0
:10028000F04F80F30988BFF36F8F4FF0000080F3C9
:10029000118870470000000006480068006880F37D
:1002A000088862B661B6BFF34F8FBFF36F8F00DF70
:1002B00000BF00BF08ED00E0DFF80C00016841F46A
:1002C00070010160704700BF88ED00E0EFF3098026
:1002D000BFF36F8F134B1A681EF0100F08BF20ED8D
:1002E000108A20E9F04F106008B44FF0500080F3FE
:1002F0001188BFF34F8FBFF36F8F08F031F84FF0C5
:10030000000080F3118808BC19680868B0E8F04F55
:100310001EF0100F08BFB0EC108A80F30988BFF3FD
:100320006F8F7047D0000020EFF30580704700000A
:100330000948804709480047FEE7FEE7FEE7FEE779
:10034000FEE7FEE7FEE7FEE7FEE7FEE704480549B5
:10035000054A064B70470000153400088901000863
:10036000F85A0020F8600020F85C0020F85C0020BB
:10037000704700000FB4044910B503AA029800F0BA
:10038000A5F910BC5DF814FBBC0000202DE9F0417C
:100390000E460446002020622046E168884730B3BC
:1003A000252805D0D4E901219047206A401CF2E7B6
:1003B000E168204600278847050018D0A5F14100D4
:1003C000192802D820354FF40067324629462046C6
:1003D0002760FFF733FF40B1012804D0F61D26F057
:1003E00007060836D8E7361DD6E72846DAE7206A3A
:1003F000BDE8F08170B50C460546012A05D0287885
:10040000800600D5EA69002302E0012305E05B1CB9
:10041000934202D2E05C0028F9D1A869E618C01A1C
:10042000A861286A184428622846AFF3008004E0D7
:10043000D5E9012114F8010B9047B442F8D32846BE
:10044000AFF3008070BD00002DE9F04106460024A6
:1004500010687529314616A510D0AFF3008000282A
:1004600002DA404213A507E031688A0701D512A5D8
:1004700002E0490704D511A5012401E0AFF3008093
:1004800000210A2206F1240709E0B0FBF2FCB0FBD0
:10049000F2F302FB1C00303078541846491C002847
:1004A000F3D123462A463046BDE8F04100F086B835
:1004B000000000002D0000002B00000020000000C4
:1004C000032A40F2308010F0030C00F0158011F880
:1004D000013BBCF1020F624498BF11F801CB00F858
:1004E000013B38BF11F8013BA2F1040298BF00F8AC
:1004F00001CB38BF00F8013B11F0030300F0F88096
:10050000083AC0F0088051F8043B083A51F804CB8F
:10051000A0E80810F5E7121D5CBF51F8043B40F855
:10052000043BAFF30080D20724BF11F8013B11F860
:1005300001CB48BF11F8012B24BF00F8013B00F8A4
:1005400001CB48BF00F8012B704702F0FF0343EADC
:10055000032242EA024200F002B84FF000020429EE
:10056000C0F0128010F0030C00F0F680CCF1040C07
:10057000BCF1020F18BF00F8012BA8BF20F8022B16
:10058000A1EB0C0100F0E8B85FEAC17C24BF00F8E1
:10059000012B00F8012B48BF00F8012B7047704772
:1005A00070477047704710B500F0FCF8006810BD48
:1005B00010B5044600F0F6F8046010BD2DE9F047D0
:1005C0000D4699469246044600F1240801688806C3
:1005D00004D5E06921F01001216000E00120A8426B
:1005E00001DD471B00E00027A1697A1902EB090031
:1005F000081AA0612078C00602D42046AFF300801C
:10060000002608E0D4E901211AF806009047206A84
:10061000401C761C20624E45F4DB2078C0060AD5CB
:100620002046AFF3008006E0D4E901213020904756
:10063000206A401C2062381EA7F10107F4DC07E0A5
:10064000D4E9012118F805009047206A401C206277
:10065000281EA5F10105F3DC2046AFF300802078C9
:10066000000602D50220BDE8F0870120FBE700006C
:1006700001694A1C02610878704700B58FB0CDE966
:1006800001310021059105497944CDE90310114656
:100690006846FFF77BFE0FB000BD0000E5FFFFFFDF
:1006A00010B5436913B1AFF3008001E0FFF7A2FE7C
:1006B000012010BD127800F124010A7000224A7056
:1006C0000122EDE711684FF0FF32E9E7074B70B503
:1006D0000D467B44FFF7D1FF0446284600F066F83C
:1006E00010B14FF0FF3070BD204670BDCF5D0000EF
:1006F00010B5203AC0F00B80B1E81850203AA0E8BD
:100700001850B1E81850A0E81850BFF4F5AF5FEAF0
:10071000027C24BFB1E81850A0E8185044BF18C9A3
:1007200018C0BDE810405FEA827C24BF51F8043B4A
:1007300040F8043B08BF7047D20728BF31F8023B9E
:1007400048BF11F8012B28BF20F8023B48BF00F832
:10075000012B70474FF0000200B5134694469646B1
:10076000203922BFA0E80C50A0E80C50B1F12001C4
:10077000BFF4F7AF090728BFA0E80C5048BF0CC072
:100780005DF804EB890028BF40F8042B08BF7047D0
:1007900048BF20F8022B11F0804F18BF00F8012B42
:1007A0007047000000487047945A0020007B00F01A
:1007B0008000704700487047945A00207546FFF744
:1007C000F9FFAE4605006946534620F0070085460E
:1007D00018B020B5FFF7BAFDBDE820404FF0000685
:1007E0004FF000074FF000084FF0000B21F0070119
:1007F000AC46ACE8C009ACE8C009ACE8C009ACE85C
:10080000C0098D46704710B50446AFF300802046FE
:10081000BDE81040FFF729BD0029816802D041F0F2
:10082000010101E021F0010181607047084B10B522
:10083000D3F8042307490A40D0E900142143D0E942
:100840000240044321431143C3F8041310BD0000C8
:1008500000200140E030FCFFC06C80B270470246CF
:10086000002012680A4200D00120704730B542686B
:100870000F4B0C791A400B6842EA04221343436081
:1008800082680C4B4D791A40D1E9034323438C68AD
:1008900044EA4504234313438360C26A097D22F47A
:1008A0007002491EC9B242EA0151C16230BD000066
:1008B000FFFEFFFCFDF7FFC070B5072609290AD926
:1008C000C568A1F10A0404EB4404A640B543A34063
:1008D0001D43C56007E0056901EB4104A640B5432F
:1008E000A3401D4305611F23072A09D2446B521EF2
:1008F00002EB820293409C4391400C43446370BDE1
:100900000D2A09D2046BD21F02EB820293409C4352
:1009100091400C43046370BDC46A0D3A02EB82023D
:1009200093409C4391400C43C46270BD816841F088
:10093000804181607047000038B535489FED351A19
:100940009FED350AD0ED000A10EE810AF3EE0B0A96
:1009500080EE201ABDEEC10A10EE103A642B00DDC5
:1009600064232E48DFED2E0A90ED000A20EE200AC7
:10097000BDEEC00A10EE100A002800DA40422949F4
:1009800091ED000A20EE200ABDEEC00A10EE101A0A
:10099000002900DA4942244C2278A2B100222270B8
:1009A000224C2578012D10D0214DB5F904403AB3E1
:1009B000B5F90220B5F9001001B02346BDE830407A
:1009C0001CA0FFF7D7BC0122E9E71E4890ED000A02
:1009D0001D48BDEEC00A10EE103A90ED000A1B480B
:1009E000BDEEC00A10EE102A90ED000A18A0BDEE70
:1009F000C00A10EE101AFFF7BDFC0020207038BDB1
:100A0000CAB2C1B216A00094FFF7B4FC38BD000012
:100A10001800002000007A4400401C461C5A0020A8
:100A20000000C842305A0020E80100209501002053
:100A3000040200207B4225643A25643A25647D2423
:100A400000000000500100204C010020480100205F
:100A50007B4325643A25643A25647D240000000028
:100A60007B4125643A25643A25643A25647D240057
:100A700030B58DB00121022002F00AF901210D02EA
:100A8000284602F01DF9032002218DF82C000A915E
:100A900000248DF82F400AA9134800F05DFE0121C3
:100AA000284602F019F90021284602F015F90694AB
:100AB00068020994CDE9070406A8FFF7B7FE8DF890
:100AC000044000948DF80540029404940120074CE2
:100AD0008DF8140069462046FFF7C8FE0121204624
:100AE000FFF79AFE0DB030BD000402400020014027
:100AF00070B58CB00121022002F0CAF801214E022B
:100B0000304602F0DDF803208DF82C00012500248A
:100B10000A958DF82F400AA9134800F01DFE012107
:100B2000304602F0D9F80021304602F0D5F806949C
:100B300068040994CDE9070406A8FFF777FE8DF84D
:100B4000044000948DF8054002940494074C8DF8FD
:100B5000145069462046FFF789FE01212046FFF721
:100B60005BFE0CB070BD000000040240002101409B
:100B70001CB505F0A3FCDFF8B4A1DFF8B4B16D4CEF
:100B80006D4D6E4EDFF8B88140F6B8390027019000
:100B90000A2101A807F012FADAF80400484502DA3F
:100BA000401CCAF8040000F039FFDBF80000002800
:100BB000EED16448007810B100F04CFE16E06248B7
:100BC000007810B102F00AF910E06048007810B126
:100BD00001F08AFF0AE05E4890ED001A5D48D0ED12
:100BE000000A5D4890ED000A00F0BAF901F09AFAA7
:100BF0005A4890ED000ABDEEC00A10EE100A03F04C
:100C00009BF928B100231A4619461846009751E06F
:100C1000D4ED020A94ED000A01F076F900EE100A14
:100C2000B8EEC00A84ED010AD5ED020A95ED000A7E
:100C300001F0A8F900EE100AB8EEC00A85ED010A2D
:100C4000D6ED020A96ED000A01F0DAF900EE100A7C
:100C50004346B8EEC00A86ED010AD8ED020A98EDC7
:100C6000000A01F00BFA00EE100A44F23C10B8EE54
:100C7000C00A83ED010A01F091FA3948007806288C
:100C800086D2DFE800F0031A34500350009793ED4A
:100C9000010ABDEEC00A10EE103A96ED010AB1EE5F
:100CA000400ABDEEC00A10EE102A95ED010AB1EE21
:100CB000400A2DE002F0BEFA6AE7009793ED010AC0
:100CC000BDEEC00A10EE103A96ED010AB1EE400AF0
:100CD000BDEEC00A10EE102A95ED010ABDEEC00A65
:100CE00010EE101A94ED010AB1EE400A16E01D480C
:100CF0000068009093ED010ABDEEC00A10EE103AB4
:100D000096ED010ABDEEC00A10EE102A95ED010A1B
:100D1000BDEEC00A10EE101A94ED010ABDEEC00A35
:100D200010EE100AC6E70097E4E70000AC010020CF
:100D30005C0100201C5A0020305A0020445A002038
:100D4000585A00205501002056010020540100206F
:100D5000780100207401002070010020180000209C
:100D6000450100206C010020FEE700001CB50121B8
:100D7000084601F08DFF4FF48070009001208DF83F
:100D8000040000218DF8061003218DF805108DF860
:100D900007006946014800F0DFFC1CBD000002406E
:100DA00010B588B002A907A8CDE9000106AB05AAD5
:100DB00004A9002000F06CF80498A0F58071813936
:100DC0004BD1284901209FED2D1A0870264900209B
:100DD0002E4C08702549087025490870254908706F
:100DE000254908709DF809009DF8081000EB0120C6
:100DF00000B200EE100A2248F8EEC00A80EE810A26
:100E000080ED000A9DF80B009DF80A1000EB012010
:100E100000B200EE900A1B48F8EEE00AC0EE811A1C
:100E2000C0ED001A9DF80D009DF80C1000EB01209C
:100E300000B200EE900A1449F8EEE01A097802298F
:100E4000C1EE810A0BD04FF47A7190FBF1F000EE05
:100E5000100AB8EEC00A84ED000A08B010BD03F015
:100E6000CDFBF8E757010020540100205601002077
:100E700055010020900100209101002000007A44DB
:100E8000700100207401002045010020780100203D
:100E9000F0B5224CDDE9057504EB0014D4F8B0651B
:100EA00016F004061670D4F8B02532D0D2080A60C5
:100EB000D4F8B01501F002011970D4F8B41501F09E
:100EC0000F013970D4F8B8152970D4F8B815090A8B
:100ED0006970D4F8B815090CA970D4F8B815090EC2
:100EE000E970D4F8BC152971D4F8BC15090A6971E8
:100EF000D4F8BC15090CA971D4F8BC15090EE97118
:100F000048B1012804D10648016841F02001016080
:100F1000F0BD520DCBE70248001FF5E7006000402E
:100F20001064004030B503460020012908D100229A
:100F3000094C03E0A55C6840521CD2B29A42F9D336
:100F4000002908D1044A323203E0545C6040491C55
:100F5000C9B29942F9D330BD720600207047000033
:100F60002DE9F0472DED0E8BF0EE418AB0EE408A70
:100F7000B0EE0CEAFD4BDFF8F883FE4E1878FE4F1A
:100F8000B8EE0CCA9FEDFDDBDFEDFECAFE4AFF4D59
:100F9000FF4CB6EE00AA08B1012810D1B0EE681AD5
:100FA000B0EE480A02F080F9FA4890ED008A90ED20
:100FB000019AD0ED028A187868B3012852D0C0B2E5
:100FC00002287CD0032803D0042879D0052878D1C2
:100FD00092ED000AB0EE4E1A68EE800AB0EE480AB2
:100FE00000EECA0A00EE8A8AF0EE4C0A85ED020A8B
:100FF00084ED028A06F054FD85ED020A94ED020AA2
:10100000B0EE4E1AF0EE4C0A06F04AFD84ED020AEC
:10101000C6ED02CAB8E098ED000A92ED001A79EE2A
:10102000080A30EE010A38EE491AF0EE601A48EE6E
:10103000C00A48EE801AC5ED020AB0EE602AF0EE52
:10104000410A08EE801A48EEC00AB0EE420AC4ED2A
:10105000020AC6ED021A87ED021AB0EE4E1AF0EE41
:101060004C0A76E1DFF83083F0EE490A98ED000A89
:1010700040EE280A20EE280A10EE100AC5ED020AFA
:1010800008F07CFD69EE0AEA41EC1B0B1EEE900AAB
:1010900008F074FD41EC1A0B18EE100A08F06EFD12
:1010A00041EC190BB0EE4D0AF0EE6D0A04F0D4FAE3
:1010B0009FEDBA1B51EC100B53EC112B02E069E0D1
:1010C0002DE163E008F064FA53EC192B08F060FAA4
:1010D00053EC1A2B08F068FC53EC1B2B07F0AEFF07
:1010E00007F07AFFA06098ED000A20EE280A10EEC3
:1010F000100A08F043FD41EC190B1EEE900A08F0AF
:101100003DFD41EC1A0B18EE100A08F037FD41ECDA
:10111000180BB0EE4D0AF0EE6D0A04F09DFA9FED4B
:10112000A11B51EC100B53EC112B08F031FA53ECCE
:10113000182B08F02DFA53EC1A2B08F035FC53EC61
:10114000192B07F07BFF07F047FFB06095ED020A0F
:10115000B0EE4E1AF0EE4C0A06F0A2FC85ED020A43
:1011600094ED020AB0EE4E1AF0EE4C0A06F098FC2E
:1011700084ED020A96ED020AB0EE4E1AF0EE4C0A29
:1011800006F08EFC86ED020AC7ED02CABDEC0E8B9E
:10119000BDE8F087DFED85AA92ED000A914620EECA
:1011A0000A0A10EE100A08F0E9FC41EC190B18EEDF
:1011B000900A08F0E3FC41EC100B04F08DFAB0EE5D
:1011C00040BAF0EE60BAD8F8000008F0D7FC53EC53
:1011D0001B2B07F0EFFF53EC192B08F0E5FB07F092
:1011E000FBFE02EE100A9FED721ADFED720AB0EEFE
:1011F000680A06F055FCB5EEC00AF0EE408AF1EE42
:1012000010FA16D099ED000AF0EE420A40EE4A0AB2
:1012100060EE880A80EE821AF0EE420A40EE0A0A78
:1012200020EE880AC0EE020A85ED021AC4ED020A19
:1012300003E085ED028A84ED028A9FED5F0A28EEC5
:10124000800A10EE100A08F099FC41EC1B0B18EE16
:10125000900A08F093FC41EC100B9FED581B03F033
:10126000D3FB9FED581B51EC100B53EC112B08F0E6
:101270008FF941EC190B18EE900A08F07FFC41EC55
:10128000100BB0EE4D1AF0EE6D1A03F0BDFB9FEDA2
:101290004F1B51EC100B53EC112B08F079F953EC68
:1012A000192B07F0CBFE53EC1B2B08F07DFB9FEDB9
:1012B000491B53EC112B07F0C1FE07F08DFE00EE29
:1012C000100ADFED460A70EE600A9FED450A454BB5
:1012D000B0EE4E1A00EEAA0AF0EE4C0ABDEEC00ABD
:1012E00083ED000A95ED020A06F0DAFB85ED020AAD
:1012F00094ED020AB0EE4E1AF0EE4C0A06F0D0FB66
:1013000084ED020AC6ED02CAC7ED02CA40F6980291
:101310004FF44871186806F0D3FB186036E792ED79
:10132000000AD8ED000AB0EE4E1A30EE200A60EE48
:10133000280AB0EE480A00EECA0A00EE8A8AF0EEE9
:101340004C0A85ED020A84ED020A86ED028A87EDD9
:10135000028A06F0A5FB85ED020A94ED020AB0EEC2
:101360004E1AF0EE4C0A06F09BFB3DE045010020D2
:1013700088010020445A0020585A00200000000034
:101380000000084000000000840100201C5A0020DA
:10139000305A0020105A00208C010020000000006C
:1013A0000000E0BF000000000000E03FD7231F4422
:1013B0000AD7A33E48E1FABEE5D0E23F00000000B4
:1013C0000000004000000000D34DF43F000000800A
:1013D0009318E4BF00000000022BF93F4C37C93FCF
:1013E0000080BB446C01002084ED020A96ED020AE5
:1013F000B0EE4E1AF0EE4C0A06F052FB86ED020AF1
:1014000097ED020AB0EE4E1AF0EE4C0A06F048FBD9
:1014100087ED020ABAE600001CB50121082001F0A0
:1014200037FC0820009000208DF8040003208DF880
:10143000050001208DF807006946024800F08CF98C
:101440001CBD0000000C0240F0B5012189B0084627
:1014500001F02AFC0121032001F01AFC03258DF87C
:10146000055002264FF400408DF8046001242B4FF4
:1014700000908DF806408DF807406946384600F028
:101480006BF98DF805508DF804608DF806408DF8E5
:1014900007400820224C00906946204600F05CF985
:1014A00001220F21384600F093F901220321204642
:1014B00000F08EF902A802F035FD00244FF6FF700F
:1014C000ADF8084003907507ADF81040ADF80A403C
:1014D00002A9284602F0E8FC00231A460321284608
:1014E00002F003FB05A802F083FBADF81C4005A940
:1014F000284602F027FB0121284602F0DBFA0122F0
:101500001146284602F07CFB0021284602F0A2FC8E
:101510000121284602F0D4FA09B0F0BD00000240D3
:101520000004024030B589B00121022001F0BCFB6B
:101530000121022001F0ACFB3020039003208DF844
:10154000110002208DF8100001208DF81200224CAD
:101550008DF8130003A9204600F0FEF802220421B2
:10156000204600F035F902220521204600F030F92E
:10157000684602F0D7FC00244FF6FF70174DADF817
:1015800000400190ADF80840ADF802406946284699
:1015900002F08AFC00231A460321284602F0A5FA2D
:1015A00005A802F025FBADF81C4005A9284602F06D
:1015B000C9FA0121284602F07DFA01221146284687
:1015C00002F01EFB0021284602F044FC01212846BF
:1015D00002F076FA09B030BD000402400004004079
:1015E00030B589B00121042001F05EFB0121022009
:1015F00001F04EFBC020039003208DF81100022063
:101600008DF8100001208DF81200224C8DF8130087
:1016100003A9204600F0A0F802220621204600F08F
:10162000D7F802220721204600F0D2F8684602F0DF
:1016300079FC00244FF6FF70174DADF80040019083
:10164000ADF80840ADF802406946284602F02CFC8F
:1016500000231A460321284602F047FA05A802F0A3
:10166000C7FAADF81C4005A9284602F06BFA012123
:10167000284602F01FFA01221146284602F0C0FA5D
:101680000021284602F0E6FB0121284602F018FA64
:1016900009B030BD000402400008004030B589B0F8
:1016A0000121082001F000FB0121084601F0F0FAB9
:1016B000274C02220021204600F08AF80222012154
:1016C000204600F085F802218DF811108DF81010D9
:1016D000012103208DF8121003908DF8131003A937
:1016E000204600F039F8684602F01CFC00244FF652
:1016F000FF70184DADF800400190ADF80840ADF80E
:1017000002406946284602F0CFFB00231A46032117
:10171000284602F0EAF905A802F06AFAADF81C4082
:1017200005A9284602F00EFA0121284602F0C2F966
:1017300001221146284602F063FA0021284602F0F1
:1017400089FB0121284602F0BBF909B030BD000039
:1017500000000240000C0040F0B5002201274FF0CD
:10176000030C0B6807FA02F52B40AB422CD106683C
:1017700053000CFA03F4A64306600E79D0F800E09B
:101780009E4046EA0E0606600E79012E01D0022E1A
:1017900012D18668A64386604E79D0F808E09E4054
:1017A00046EA0E0686604668AE43466045688E7916
:1017B0009640B6B235434560C568A543C560CC794F
:1017C0009C40C3681C43C460521C102AC9D3F0BD9E
:1017D0004B07DB0E9A40C90810B500EB8100016A87
:1017E0000F249C40A1430162016A1143016210BDB4
:1017F0000183704710B50A4C014607230122204699
:10180000FFF75AF82046FFF791F802212046FFF72C
:1018100026F80028F9D02046BDE81040FFF71CB894
:101820000020014010B50A4C014607230122204642
:10183000FFF742F82046FFF779F802212046FFF72C
:101840000EF80028F9D02046BDE81040FFF704B894
:1018500000210140F0B464486449027864480E787D
:101860000578644804789FED641A644BDFED642AC0
:10187000DFED641A644F9FED652A654897ED000A15
:101880006449F1EE400A52B1012A08D0092C66D20F
:10189000DFE804F0654346494E5156596200092C71
:1018A00024D2DFE804F02305080B1013181B2000D6
:1018B00080ED000A0CE080ED000A01E080ED001AE6
:1018C000C3ED000A53E0C0ED000AF9E7C0ED000ADD
:1018D00083ED001A4BE0C0ED000A01E080ED001A34
:1018E00083ED000A43E080ED000AF9E780ED001A7D
:1018F00083ED001A012E04D0012D07D081ED001ACE
:1019000035E0C0EE220A60EE820A03E0C0EE220A51
:1019100060EEA10AC1ED000A29E080ED000A0CE0AA
:1019200080ED000A01E080ED001AC1ED001A0EE022
:10193000C0ED000AF9E7C0ED000A81ED001A06E0EB
:10194000C0ED000A01E080ED001A81ED002A012EB1
:1019500008D0012D09D00AE080ED000AF5E780EDFE
:10196000001AEAE781ED002A01E0C1ED001A022A1F
:1019700006D0032A11D0052A0FD0042A0DD01FE06B
:1019800091ED000AF0EE000A20EE200AF2EE020AC3
:1019900080EE201A81ED001A12E0D0ED000AF5EE7B
:1019A000C00AF1EE10FAD1ED000A03D2F1EE600A9E
:1019B000C1ED000A20EE800AC0EE220AC1ED000A45
:1019C000D0ED000A9FED141A80EE810A80ED000A26
:1019D000D3ED001AC1EE810AC3ED000A91ED001AA1
:1019E000F0BCFFF7BDBA00004501002092010020C5
:1019F0009301002058010020000000007401002025
:101A00000000FA43DB0FC9BF48010020DB0FC93FCC
:101A1000700100207801002000007A4410B50220F7
:101A20002DED048B01F0BAF9394C2060032001F050
:101A3000B5F96060042001F0B1F9A060052001F063
:101A4000ADF93449E060097806291BD2DFE801F0DE
:101A50004903505049502168494200EE101A61680C
:101A6000F8EEC09A494200EE101AA168B8EEC09A8A
:101A7000494200EE101A4042F8EEC08A00EE100A09
:101A8000B8EEC08A9FED241A244869EE810A90EDD1
:101A9000000A234860EE801AD0ED000A214881EE4A
:101AA000A02A69EE011A61EE801A80ED002A81EE0B
:101AB000A02A68EE811A1C4828EE011A61EE801AED
:101AC00021EE000A80EE201A80ED002A174881EEF0
:101AD000A02A80ED002A164880ED001ABDEC048B88
:101AE00010BD94ED000AF8EEC09A94ED010ABCE72F
:101AF00094ED000A6168F8EEC09A494200EE101AAF
:101B0000B8EEC09A94ED020AF8EEC08AB6E700007B
:101B10006C5A0020450100200000C84280010020CE
:101B20007C0100201C5A0020305A0020445A00201A
:101B3000585A00202DE9F04100250E4607462C4654
:101B400008E03846FFF756FE0544052004F060FC27
:101B5000641CE4B2B442F4D3B5FBF6F080B2BDE845
:101B6000F081000010B50820FFF75CFE07F0C0FC14
:101B70009FED0E1B53EC112B07F00AFD9FED0D1B83
:101B800053EC112B07F004FD9FED0C1B53EC112BB4
:101B900007F0FEFC9FED0B1B53EC112B07F0F8FC3C
:101BA00007F01AFA00EE100A10BD000066666666BD
:101BB00066660A4000000000000026400000008029
:101BC00014AEEF3F000000000000303FFEE70000D1
:101BD00070B50D4C0025C4F8A8520C48016821F4DA
:101BE00040010160016841F480010160C4F8AC5219
:101BF000012004F52A7404F027FC0120206004F081
:101C000023FC256070BD00000080404200040240BB
:101C10001CB50121022001F03BF84FF44060012483
:101C200000908DF8044000208DF8060003208DF808
:101C300005008DF8074069460448FFF78DFD04480C
:101C4000C0F8A842C0F8AC421CBD0000000402402D
:101C50000080404270B50D4C0026C4F8A8620C48C4
:101C6000016821F440010160016841F480010160D4
:101C70000125C4F8AC52284604F52A7404F0E4FBAC
:101C80002560012004F0E0FB266070BD008040422A
:101C9000000402402DE9F0478146184800250168FC
:101CA00021F44001016001680160154E2C462F4669
:101CB0004FF00108C6F8A872012004F0C5FBC6F871
:101CC000A8826806D6F82C12000E11B140F001056A
:101CD00001E020F00105012004F0B6FB641CE4B231
:101CE000082CE7D3B9F1000F04D0FFF7B3FF284663
:101CF000BDE8F087FFF76CFFF9E700000004024041
:101D00000080404270B50D46044600F01BF82046A6
:101D100000F0B0F800F05EF8284600F0ABF800F0F4
:101D200059F800F00FF844F0010000F0A3F800F0BB
:101D300051F80120FFF7AEFF044600F02BF82046D3
:101D400070BD000070B51148016821F440010160C8
:101D5000016841F4800101600D4C0120C4F8AC021F
:101D6000D4F82C1200290FD0C4F8A80204F06CFBA0
:101D70000025C4F8AC52D4F82C02002804D101206C
:101D800004F062FBC4F8A85270BD000000040240D9
:101D9000008040420D4810B5016821F44001016007
:101DA000016841F480010160094C0020C4F8A802D8
:101DB000C4F8AC02012004F52A7404F045FB0120AC
:101DC00020606060BDE8104004F03EBB00040240AB
:101DD0000080404270B512480024016821F440019F
:101DE0000160016801600F4D0126C5F8AC62304604
:101DF00004F02AFBC5F8A86207E0641CE4B2322CA8
:101E000003D9FFF7C7FF002070BD012004F01CFBC1
:101E1000D5F82C020028F0D1C5F8A802012070BD29
:101E200000040240008040422DE9F0411D46144666
:101E30000F468046069EFFF765FF621CFF21C4F136
:101E4000080301FA02F22B445B1ED9400A43C5F194
:101E500008018E40D2B2F1B2C4F10703D94010405C
:101E600040EA01023946404600F034F80120BDE85E
:101E7000F08100002DE9F04105461448016821F485
:101E800040010160016841F480010160104E0027AB
:101E9000C6F8A8723C464FF00108E809C6F8AC0243
:101EA0006806050E012004F0CFFAC6F8A8820120CA
:101EB00004F0CAFAC6F8A872012004F0C5FA641C3E
:101EC000E4B2082CE9D3BDE8F08100000004024030
:101ED0000080404270B515460E460446FFF732FFBB
:101EE0002046FFF7C7FFFFF775FF3046FFF7C2FF39
:101EF000FFF770FF2846FFF7BDFFFFF76BFFFFF707
:101F000049FF012070BD0000174830EEC00A174994
:101F1000D0ED050A174A91ED001A70EE600A1449D7
:101F200060EE810A91ED001A41EE000A90ED041A6C
:101F300070EE810A10EE901AC0ED040A914203DDA2
:101F4000DFED0D0AC0ED040A10EE901A0B4A914223
:101F500003D9DFED0B0AC0ED040A80ED050ABDEEE2
:101F6000E00A10EE100A7047AC0100204C0100207E
:101F7000500100200078824600788246007882C6B0
:101F8000007882C6174830EEC00A1749D0ED080A1B
:101F9000174A91ED001A70EE600A144960EE810A4A
:101FA00091ED001A41EE000A90ED071A70EE810AD9
:101FB00010EE901AC0ED070A914203DDDFED0D0A25
:101FC000C0ED070A10EE901A0B4A914203D9DFEDDB
:101FD0000B0AC0ED070A80ED080ABDEEE00A10EE1C
:101FE000100A7047AC0100204C0100205001002075
:101FF0000078824600788246007882C6007882C6E1
:10200000174830EEC00A1749D0ED0B0A174A91ED78
:10201000001A70EE600A144960EE810A91ED001A10
:1020200041EE000A90ED0A1A70EE810A10EE901A45
:10203000C0ED0A0A914203DDDFED0D0AC0ED0A0A88
:1020400010EE901A0B4A914203D9DFED0B0AC0ED56
:102050000A0A80ED0B0ABDEEE00A10EE100A704786
:10206000AC0100204C010020500100200078824685
:1020700000788246007882C6007882C6174830EE23
:10208000C00A1749D0ED0E0A174A91ED001A70EEFA
:10209000600A144960EE810A91ED001A41EE000ACF
:1020A00090ED0D1A70EE810A10EE901AC0ED0D0A37
:1020B000914203DDDFED0D0AC0ED0D0A10EE901A1E
:1020C0000B4A914203D9DFED0B0AC0ED0D0A80EDFA
:1020D0000E0ABDEEE00A10EE100A7047AC010020B7
:1020E0004C01002050010020007882460078824692
:1020F000007882C6007882C61CB50121102000F04D
:10210000C7FD00218DF80410032101208DF8051072
:1021100000908DF8070069460148FFF71DFB1CBDC4
:102120000010024010B5322003F0B4FF02280BD19A
:10213000074906480A68026089888180064905487F
:102140000A6802608988818010BD000010020020AA
:10215000160200201C020020220200207CB5012172
:10216000084600F095FD01208DF8040000228DF84E
:10217000062003218DF80510074D4FF480548DF88B
:102180000700009469462846FFF7E6FA21462846EC
:10219000FFF72EFB7CBD00000000024000EE900A1D
:1021A00041421E4AB8EEE01A00EE901A00B592EDD8
:1021B000010AF8EEE00A05F073FC00EE900A82EDE9
:1021C000010A174AB8EEE01A00EE901A92ED010AE1
:1021D000F8EEE00A05F064FC00EE900A82ED010AD8
:1021E000104AB8EEE01A00EE901A92ED010AF8EEED
:1021F000E00A05F055FC00EE900A82ED010A0A4A59
:10220000B8EEE01A00EE901A92ED010AF8EEE00A3C
:1022100005F046FC82ED010A00BD00001C5A0020BA
:10222000305A0020445A0020585A0020BC2801D3BC
:10223000012210E0622801D302220CE02A2801D3F7
:10224000032208E0142801D3042204E00A2801D361
:10225000052200E006221A21D020FFF73BBE10B570
:1022600004464FF47A70844201D9044602E0042CFB
:1022700000D20424B0FBF4F0401EC2B21921D020D9
:10228000FFF728FE6008BDE81040FFF7CFBF10B58C
:1022900080226B21D020FFF71DFEC82004F0B8F883
:1022A00000226B21D020FFF715FE012000F03AF844
:1022B000002000F02EF83220FFF7D1FF0022382155
:1022C000D020FFF707FE00226A21D020FFF702FE90
:1022D00000222321D020FFF7FDFD80223721D020CE
:1022E000FFF7F8FD7521D020FFF70CFD682801D01D
:1022F000012010BD01226B21D020FFF7EBFD002251
:102300006C21D020FFF7E6FD3220FFF7A8FF002068
:1023100010BD08B50223009004221C21D020FFF735
:1023200083FD08BD08B50223009004221B21D020A4
:10233000FFF77AFD08BD000008B504F0BFF80D4CAA
:102340004FF47A7500900A21684605F037FE206840
:10235000A8420ADA401C2060606820612089A082BF
:10236000D4F80A00E061E089208400F049F800F028
:1023700003F8E8E70002002070B53C21D020FFF709
:10238000C1FC04463B21D020FFF7BCFC04EB00203D
:102390001A4C3E212080D020FFF7B4FC05463D2199
:1023A000D020FFF7AFFC05EB002060804021D0205B
:1023B000FFF7A8FC05463F21D020FFF7A3FC05EB63
:1023C000002000B2A4F10A01A0800968B1F57A7F6B
:1023D00012DB04F118032188198062885A809880E2
:1023E0009B1F1D88491B21805988511A618099883B
:1023F000401A00F58040A08070BD00000A02002055
:1024000070B54421D020FFF77DFC04464321D02045
:10241000FFF778FC04EB00201F4C46212080D020E1
:10242000FFF770FC05464521D020FFF76BFC05EB5C
:10243000002060804821D020FFF764FC054647213A
:10244000D020FFF75FFC05EB002000B2211FA08029
:1024500009684FF47A75114A114BA94203DA012039
:102460001860107070BDA94201D1002111704FF4A5
:1024700096711960084B21881233198062885A803E
:1024800098809B1F1D88491B21805988511A6180A3
:102490009988401AA08070BD0402002044010020E9
:1024A00034000020FEE7704730B50F23C278017872
:1024B0000125FAB1144A126801F1E02102F4E06248
:1024C000C2F5E062C2F30722C2F10404D3404278AD
:1024D000A24084781C401443220181F80024007833
:1024E00000F01F018D404009800000F1E020C0F89D
:1024F000005130BD01F01F0085404809800000F107
:10250000E020C0F8805130BD0CED00E002490843E6
:1025100002490860704700000000FA050CED00E079
:1025200010B40021084B0A46002003EBC004401CF5
:10253000C0B262548028F8D3491CC9B20829F3D329
:1025400010BC00F0B9B800002802002010B57F28A8
:1025500016D83F2914D80723A3EBD10301F00701B4
:10256000C1F107040121A140064CDBB204EBC0001D
:10257000002AC25CC9B201D00A4300E08A43C254B7
:1025800010BD0000280200207CB50121082000F0C9
:102590007FFB01268DF8046000244FF4F0408DF895
:1025A000064000908DF805408DF807406946404888
:1025B000FFF7D2F80121080700F076FB012000F0B8
:1025C00061FB002000F0DCFB002000F05BFB394DDC
:1025D000C5F8B042642005F52C7503F019FF2E6094
:1025E0000021AE2000F02AF90021D52000F026F9C4
:1025F0000021502000F022F90021A82000F01EF94F
:1026000000213F2000F01AF90021D32000F016F934
:102610000021084600F012F90021402000F00EF9D8
:1026200000218D2000F00AF90021142000F006F9A5
:102630000021202000F002F90021022000F0FEF825
:102640000021A12000F0FAF80021C02000F0F6F8E7
:102650000021DA2000F0F2F80021122000F0EEF85C
:102660000021812000F0EAF80021EF2000F0E6F8D8
:102670000021D92000F0E2F80021F12000F0DEF87E
:102680000021DB2000F0DAF80021302000F0D6F83D
:102690000021A42000F0D2F80021A62000F0CEF8FE
:1026A0000021AF2000F0CAF8FFF73AFF7CBD000020
:1026B000000C02400080414270B5104E002505F12B
:1026C000B000C0B2002100F0B9F80021084600F0C7
:1026D000B5F80021102000F0B1F8002406EBC4008A
:1026E0000121405D00F0AAF8641CE4B2802CF5D30F
:1026F0006D1CEDB2082DE2D370BD00002802002051
:102700002DE9F04F203A98460D468346894602F05F
:10271000FF0A00262EE0B8F10C0F08D0174901EB94
:102720000A100027845D200607D5099A08E014499D
:102730000AEB4A0001EB8000F3E7099890B1002210
:1027400029465846FFF702FF6D1C6006EDB2040EE5
:10275000A5EB0901414507D10BF101004D4600F001
:10276000FF0B05E00122EBE77F1CFFB2082FDAD355
:10277000761CF6B24645CED3BDE8F08FD6A1000850
:10278000629D00082DE9FF4F81B00027DDF838B0C9
:102790001D46924680463C464FF001094FEA5B06D3
:1027A00027E0281B401EC1B20A2003F0C1FEBAFB7D
:1027B000F0F00A21B0FBF1F201FB120027B9691E0B
:1027C0008C4201DA48B101273030C2B206FB0480E6
:1027D000C0B25B46CDF8009006E006FB0480C0B2B4
:1027E0005B462022CDF800900299FFF789FF641C18
:1027F000E4B2AC42D5D305B0BDE8F08FF8B51646CB
:102800000D460446012714E07A2C02D90024103525
:10281000EDB23A2D03D900242546FFF781FE00973B
:1028200032780C2329462046FFF76AFF0834E4B2C9
:10283000761C30780028E7D1F8BD000030B50023C1
:102840000E4A012411B1C2F8AC4201E0C2F8AC3228
:102850000021C2F8B832050602D5C2F8B44201E040
:10286000C2F8B432C2F8B8424006491C000EC9B2E0
:102870000829EED3C2F8AC4230BD000000804142CE
:102880000020044A01461154401CC0B20928FAD362
:1028900070470000280600202DE9F843012507466F
:1028A000ADF800501B4800264670ADF800501A4C99
:1028B00080464FF6FF7924E0BDF80000384202D090
:1028C000C4F8B05201E0C4F8B062C4F8A0520520C8
:1028D00003F0BAFDC4F8A062052003F0B5FDC4F80A
:1028E000A052D4F83C0230B198F80110BDF8002095
:1028F000114388F80110BDF8001009EA4100ADF855
:102900000000BDF80000FF28D6D9BDE8F84310202C
:1029100003F09ABD280600200000424270B5FFF780
:10292000AFFF00F08DF80B480B4AB0F803400A489F
:10293000083244800020012512F8103000F1010017
:102940005B1E05FA03F12142C0B202D01028F3D376
:10295000002070BD280600203C00002010B5FFF7C5
:10296000DDFF00EE100A27482C4BB8EE400A01228A
:1029700080ED000A2448C17900EE901A2349F8EE50
:10298000600AC1ED000A017A00EE901A2049F8EEC3
:10299000600AC1ED000A417901EE101A1D49B8EE36
:1029A000411A81ED001A807910EE101A01EE100A1A
:1029B0001948B1F1814FB8EE411A80ED001A18485C
:1029C00001D10178E1B15968002918D010EE901AB0
:1029D000144B994213DA0178002910D11249096881
:1029E000B1F57A7F0BDB11490270002008701049A5
:1029F000087010490870104908701049087010BD1F
:102A00005A60E3E7A8010020280600209801002072
:102A10009C010020A0010020A40100203C00002017
:102A2000540100200000EC4200020020560100206A
:102A30005501002057010020900100209101002045
:102A40002DE9FC4100268DF800600125ADF8045009
:102A5000224CC4F8A862224F3878FFF71DFF78781F
:102A6000FFF71AFF02208DF800001E4F4FF6FF7887
:102A70002CE0ADF804501DE0C4F8A052052003F08E
:102A8000E3FCC4F8A062052003F0DEFCC4F8A05209
:102A9000D4F83C0240B19DF80000BDF80410385C49
:102AA00008439DF800107854BDF8041008EA41006E
:102AB000ADF80400BDF80400FF28DDD9102003F0B4
:102AC000C3FC9DF80000401C8DF800009DF800003C
:102AD0000928CED3C4F8A852BDE8FC8100004242C8
:102AE0003C00002028060020554830B4D0ED000AF4
:102AF0009FED540A54486FF0130370EE600AFDEE28
:102B0000E00A10EE901AD0ED000A504870EE600A0C
:102B1000FDEEE00A10EE902AD0ED000A9A4230EE67
:102B2000600ABDEEC00A10EE100A02DD142A00DAB7
:102B30000022994202DD142900DA0021984202DDC8
:102B4000142800DA0020424B434C424D1B6894EDA0
:102B5000000AF1EE040AAB4202D130EE200A04E092
:102B60003E4DAB4203D130EE600A84ED000AB5EE73
:102B7000C00AF1EE10FA03D29FED390A84ED000A83
:102B800000EE102A01EE901AD4ED000AB8EEC00A49
:102B900002EE100AF8EEE11ADFED352AB8EEC22A8D
:102BA00020EE201A9FED2F0A61EEA01A22EE222AB3
:102BB00021EE001A2C4A61EE801A2C4B22EE000AFC
:102BC0002C4982ED001A2C48C3ED001A81ED000A51
:102BD00000789FED2A2AF0B101281CD0022806D0E7
:102BE00003280FD005280DD004280BD019E0F0EEF3
:102BF000000A20EE200AF2EE020A80EE202A81ED81
:102C0000002A0EE0B5EEC01AF1EE10FA03D2B1EED2
:102C1000400A81ED000A20EE200AC0EE020AC1ED52
:102C2000000A9FED172A81EE020AC1EE820A82EDA8
:102C3000000AC3ED000A91ED001A30BCFEF790B90E
:102C400098010020000000439C010020A00100200A
:102C5000A801002000003041480100200000104180
:102C6000000000000000003C700100207401002002
:102C7000DB0FC93F78010020450100200000FA4326
:102C800000007A44014908627047000000000E42CB
:102C9000044A0029116801D0014300E0814311601A
:102CA0007047000030380240044A0029116801D002
:102CB000014300E08143116070470000403802404A
:102CC000044A0029116801D0014300E081431160EA
:102CD0007047000044380240044A0029116801D0BE
:102CE000014300E081431160704700002438024036
:102CF00070B5204B1968204C11F00C0104D06610FF
:102D0000042903D0082903D004601BE0066019E001
:102D1000184A121F1168C1F38055116801F03F0174
:102D200015B1B6FBF1F101E0B4FBF1F114681268E2
:102D3000C4F388146143C2F30142521C5200B1FB38
:102D4000F2F1016019680F2202EA11110B4A545C7A
:102D50000168E14041601C68072505EA9424145D80
:102D600021FA04F484601B6805EA5333D25CD14035
:102D7000C16070BD083802400024F400C00000208B
:102D8000054900220A700A70012802D0042801D1E6
:102D900005200870704700007038024000210228AA
:102DA00007D003280BD004280BD005280BD0002017
:102DB00070474FF08042506A516200B27047044A37
:102DC00002E0044A00E0044A1068116000B2704753
:102DD0002404004024080040240C00402DE9F04168
:102DE0004FF4FA66614B771032463946186804F0A2
:102DF00067FE5F4D186032463946286804F060FE71
:102E00005C4C286032463946206804F059FE324650
:102E1000594E20603946306804F052FE30602A680E
:102E200021681B686FF06304A2F2DC52A0F2DC5050
:102E3000A1F2DC51A3F2DC53A24202DD642A00DAE3
:102E40000022A04202DD642800DA0020A14202DD57
:102E5000642900DA0021A34202DD642B00DA00239A
:102E600000EE101A454CB8EEC00AD4ED000A30EE60
:102E7000800ABDEEC00A10EE101A002900DA002107
:102E80004FF4FA754A4392FBF5F24042484390FBF7
:102E9000F5F000EE102ADFED3C1A394CF8EEC00ACE
:102EA00000EE100A5842374DB8EEC01A00EE100A74
:102EB000374AC4ED000AB8EEC00A364885ED001A5C
:102EC00020EE212ADFED311A82EE210A82ED000A7E
:102ED000007850B1012808D002280DD0032812D064
:102EE000052810D004280ED022E002EE101AB8EE09
:102EF000C22A20EE020A17E0F0EE001A20EE210AA4
:102F0000F2EE021A10E0F5EEC00AF1EE10FA03D26A
:102F1000B1EE400A82ED000AB0EE402A00EE101A2F
:102F2000B8EEC00A22EE000A80EE212A82ED002AC5
:102F30009FED190A1949C0EE801AC1EE000AC4EDCE
:102F4000001AC5ED000A087838B19FED150A401E39
:102F500084ED000A82ED000A087092ED001A94EDEB
:102F6000000ABDE8F041FDF7FBBF0000780000203B
:102F70007C00002080000020840000204801002008
:102F80007001002074010020DB0FC93F0000FA43EC
:102F9000780100204501002000007A44AC010020A7
:102FA0000000000010B551EC100B2DED068BB0EEBB
:102FB000439AF0EE629AB0EE42AAF0EE618AB0EE69
:102FC000418A06F009F8BDEECA0A154910EE102A2A
:102FD000BDEEE90A086081ED018A10EE103AC1EDFC
:102FE000058AC1E9022381ED049A9900514300EE5C
:102FF000101A0C49B8EEC00A81ED000A9FED0A0ACA
:103000000A4929EE000A81ED000A094908600948C9
:1030100080ED008A0848C0ED008ABDEC068B10BD2B
:103020007C5A00207C010020DB0F494080010020F9
:1030300084010020880100208C01002070B5354CEF
:103040004FF4AD700A2120600920FEF773FD21685E
:10305000314C90FBF1F0C0B22070052801D9052059
:103060002070C0B2DFED2D2A9FED2D2A9FED2D1A85
:103070009FED2D3A062815D2DFE800F0030C212839
:103080002F36F0EE411A9FED293A9FED291A9FED58
:10309000290B05E09FED293ADFED291A9FED290B59
:1030A000FFF780FF257804220824284828490723B1
:1030B000062D2AD2DFE805F01F222A2A262AF0EE62
:1030C000411A9FED241A9FED240BE9E7F2EE0A2A3C
:1030D000F0EE411A9FED220BE2E7F0EE411A9FED70
:1030E000221A9FED220BDBE79FED223AF0EE411A08
:1030F0009FED210BD4E704600E2005E0062202605C
:103100000A2001E004600B20086070BD02600B60C3
:1031100070BD000068010020450100200000FA4356
:103120000000084200000000B81E853D9A99993DB4
:103130007B14AE3D022B8716D9CEB73F8FC2753DAB
:10314000643BDF3D00000000000000006001002043
:1031500064010020BC74133E000000806ABCC43FC0
:10316000000000A0EFA7C63FE926313E000000C0E6
:103170009DEFC73FC520303D000000E07A14CE3FF0
:103180000CB50022274900920192086840F4803073
:1031900008604FF4A043086800F4003001900098E4
:1031A000401C0090019810B900989842F3D108682B
:1031B000800334D5012001901A484030026842F063
:1031C000805202601848026842F44042026015488A
:1031D000083002680260026842F40042026002683D
:1031E00042F4A0520260031F104A1A600A6842F0BB
:1031F00080720A600A689201FCD50D4940F205729E
:103200000A60016821F003010160016841F00201D8
:1032100001600168C1F381010229FAD10CBD01925C
:103220000CBD000000380240007000400854400708
:10323000003C0240F0B5174E174F059D44F29F1415
:10324000002803DA34602044386002E03C60201A31
:1032500030601248002903DA44632144816302E0AC
:103260008463611A41630E48002A03DA84631119EA
:10327000416302E04463A11A8163002B03DA046412
:103280001919C16302E0C463E11A016405480560CD
:10329000F0BD00003444014034480140004001408A
:1032A000000001403818004000B5B0EE412AF0EEB1
:1032B000602AB0EE401A9FED490A4948D0ED001A45
:1032C000DFED480AB5EEC01AF1EE10FA02DD71EE3C
:1032D000801A0EE0B5EEC01AF1EE10FA02D271EECD
:1032E000C01A06E0B5EEC01AF1EE10FA03D161EE95
:1032F000A01AC0ED001A3A49F5EEC02AD1ED011A24
:10330000F1EE10FA02DD71EE801A0EE0F5EEC02A41
:10331000F1EE10FA02D271EEC01A06E0F5EEC02A04
:10332000F1EE10FA03D161EEA01AC0ED011A2C499A
:10333000B5EEC02AD1ED021AF1EE10FA02DD31EE3F
:10334000800A0EE0B5EEC02AF1EE10FA02D231EE9C
:10335000C00A06E0B5EEC02AF1EE10FA03D121EE64
:10336000A00A80ED020AB0EE410A03F093F8F0EEF5
:10337000400AB0EE410A03F08DF8F1EE401AB0EECB
:10338000601A90ED000AF0EE610A04F089FB80ED0E
:10339000000AB0EE620A03F07DF8B0EE401AB0EE1B
:1033A000620A03F077F8F1EE400A90ED010A04F0AA
:1033B00077FB80ED010AB0EE420A03F06BF8B0EE45
:1033C000401AB0EE420A03F065F8F1EE400A90EDC3
:1033D000020A04F065FB80ED020A00BD0AD7233C17
:1033E000105A00206666663F4FF0E0210428086905
:1033F00003D020F004000861704740F00400FAE7B1
:1034000010B505F081FB012803D0BDE8104005F0A0
:103410006FB810BD124810B5016841F47001016029
:103420001048016841F0010101600E4A0021083294
:10343000116002680C4B1A400260031D0B4A1A60AF
:10344000026822F48022026006480C300160FFF717
:1034500097FE03494FF000608039086010BD0000FE
:1034600088ED00E000380240FFFFF6FE1030002437
:1034700070B5048C24F001040484058B048C4FF691
:10348000FF7606EA0313134325F0F3052B4324F0DC
:103490000A020A4342F001010383018470BDF0B5C2
:1034A000048C24F010040484078B068C4FF6FF7400
:1034B00004EA011527F4734704EA0331394304EAA7
:1034C00002220A4326F0A001294341F010010283A1
:1034D0000184F0BD2DE9F041884607468AB00121FC
:1034E0000220FFF7D5FB01214804FFF7E9FB1F4E3F
:1034F000032208213046FEF76BF902208DF8040004
:103500000024C0018DF80640012500908DF8075079
:1035100003208DF8050069463046FEF71DF9144E6C
:10352000ADF808800397ADF81040ADF80A4002A945
:10353000304600F0B9FC6020ADF81400ADF816502C
:10354000ADF8204005A9304600F062FB0821304666
:1035500000F094FB0121304600F0A2FA0121304630
:1035600000F0AEFA0AB0BDE8F081000000040240AD
:10357000004401402DE9F041884607468AB0012108
:103580000220FFF785FB01218804FFF799FB214EFC
:10359000032209213046FEF71BF902208DF80400B2
:1035A000002400028DF80640012500908DF8075098
:1035B00003208DF8050069463046FEF7CDF8164E1B
:1035C000ADF808800397ADF81040ADF80A4002A9A5
:1035D000304600F069FC6020ADF81400ADF81650DC
:1035E000ADF8204005A9304600F012FB0821304616
:1035F00000F044FB0121304600F06CFA0121304616
:1036000000F04EFA0121304600F05AFA0AB0BDE847
:10361000F081000000040240004801402DE9F04123
:103620008846074601218AB00846FFF749FB012179
:103630001020FFF72DFB354E012209213046FEF701
:10364000C7F801220B213046FEF7C2F801220D21F6
:103650003046FEF7BDF801220E213046FEF7B8F8DD
:103660004FF4D440059002208DF8180003208DF807
:10367000190000248DF81A4001258DF81B5005A96A
:103680003046FEF769F8224EADF81C800897ADF879
:103690002450ADF81E4007A9304600F005FC60201C
:1036A000ADF80000ADF80250ADF80C406946304668
:1036B00000F0AEFA6946304600F0E6FA6946304658
:1036C00000F036FB6946304600F080FB01213046B1
:1036D00000F000FA0821304600F0D0FA0821304608
:1036E00000F01CFB0821304600F06AFB0821304640
:1036F00000F0A6FB0121304600F0D2F9012130464E
:1037000000F0DEF90AB0BDE8F081000000100240D0
:10371000000001404FF08040018A018A21F0010140
:103720000182704703480188018821F0010101806E
:10373000704700001004004003480188018821F010
:103740000101018070470000100800400348018813
:10375000018821F00101018070470000100C004039
:1037600003480188018821F00101018070470000B1
:10377000101800402DE9F0478E4800248169B1F50A
:10378000C86F13DD8C490A7882B98C4A1268B2F589
:103790007A7F0BDB01220A7089490C7089490C7011
:1037A00089490C7089490C7089490C7080460078F1
:1037B000884D000642F20F764FF4FA772DD402219D
:1037C000284600F0B3F940B30221284600F075F90D
:1037D00098F80000400628463DD500F09FF980B2D9
:1037E000A8F80600B8F804104246884201D2566391
:1037F00000E05463401A516B08445061516A401A0A
:1038000000D54042B84200DD51615069506288F8ED
:1038100000400021284600F02BFA98F8010000062D
:103820003AD40421284600F081F9A8B3042128469F
:1038300000F043F998F80100400628464AD500F008
:103840006FF980B2A8F80A00B8F80810424688421A
:103850000ED296630DE000F061F90146A8F804105D
:1038600098F8001041F0400188F800100221D1E7DB
:103870009463401A916B08449061916A401A00D594
:103880004042B84200DD91619069906288F8014041
:103890000021284600F038FA98F8020000063AD4D1
:1038A0000821284600F042F9A8B30821284600F074
:1038B00004F998F80200400628464BD500F032F98A
:1038C00080B2A8F80E00B8F80C10424688420ED21A
:1038D000D6630DE000F024F90146A8F8081098F826
:1038E000011041F0400188F801100221D1E7D463B2
:1038F000401AD16B0844D061D16A401A00D54042C9
:10390000B84200DDD161D069D06288F80240002160
:10391000284600F04BFA98F80300C146000647D449
:103920001021284600F002F9002841D01021A846B5
:10393000284600F0C2F899F803004D4640062BD502
:10394000404600F0F1F880B26882298A88420ED29F
:103950002E640DE000F0E6F80146A8F80C1098F887
:10396000021041F0400188F802100221D0E72C64D7
:10397000401A296C08442862296B401A00D540423D
:10398000B84200DD2962286A2863EC7000214046B5
:10399000BDE8F04700F04ABA4446404600F0C4F89B
:1039A0002882E878022140F04000E8702046EFE7E6
:1039B000BDE8F087640000205601002000020020CE
:1039C00055010020540100205701002090010020E3
:1039D00091010020000401400248018821F001010A
:1039E00001807047100401402DE9F043894680466C
:1039F00001218BB00804FFF763F901211020FFF7C4
:103A000047F9254F032205213846FDF7E1FE032241
:103A100006213846FDF7DCFE02208DF81800032051
:103A20008DF81900002460268DF81A4001250596AE
:103A30008DF81B5005A93846FDF78EFE174FADF8DF
:103A40001C90CDF82080ADF82440ADF81E4007A9A9
:103A5000384600F029FAADF80060ADF80250ADF834
:103A60000C406946384600F0D3F86946384600F005
:103A70000BF90821384600F001F90821384600F01A
:103A80004DF90121384600F00BF80121384600F0CD
:103A900017F80BB0BDE8F083001002400040014071
:103AA0000029018802D041F0800101E021F080016D
:103AB00001807047C94301827047C9430182704742
:103AC0000029018802D041F0010101E021F001014B
:103AD00001807047002930F8441F02D041F40041B2
:103AE00001E0C1F30E010180704770B50589048BB8
:103AF000068C25F007050D434FF6FC410C4040F2C3
:103B000001110C434FF6FF7101EA031126F0220662
:103B10001143314305810483018470BD406B7047BC
:103B2000806B7047C06B7047006C70470246002086
:103B3000138A92890B4202EA010202D0002A00D0C5
:103B4000012070472DE9F0410C460E884988A28873
:103B50002389054616B3042E28D0082E2E8C4FF646
:103B6000FF702BD026F480562E84AF8B2E8C00EA6B
:103B7000022200EA013127F473473A4300EA033096
:103B8000104326F420420A4342F48051A88329843A
:103B9000E1882846BDE8F04100F07AB9FFF768FCFB
:103BA000E1882846BDE8F04100F056B9FFF777FC00
:103BB000E1882846BDE8F04100F056B926F4807649
:103BC0002E84AF8B2E8C00EA012100EA03101043F3
:103BD00027F0F307384326F420620A4342F4807149
:103BE000A8832984E1882846BDE8F04100F048B95F
:103BF00000210180418001228280C18001817047C3
:103C0000002A828901D00A4300E08A4382817047FA
:103C100030B5028C22F001020284028C8388048B6E
:103C200022F0020224F073050C882C438D89154381
:103C30004A882A430C4DA84202D00C4DA8420DD10F
:103C400022F00805CA8923F440732A4322F00405B0
:103C50008A882A430D8A1D434B8A2B438380048321
:103C600089684163028430BD0000014000040140C6
:103C7000028C22F002020A4302847047028B22F077
:103C800008020A430283704770B5028C22F01002CA
:103C90000284028C8388048B0D8824F4E6464FF658
:103CA000FF7404EA052535438E8922F0200204EAD8
:103CB000061616434A8804EA02123243104EB042F6
:103CC00002D0104EB04215D122F08006CA8923F4EA
:103CD000406304EA0212324322F040068A8804EA72
:103CE000021232430E8A04EA86061E434B8A04EA15
:103CF000830333438380058389688163028470BDB5
:103D00000000014000040140028C4FF6FF7322F0D6
:103D1000200203EA0111114301847047028B4FF620
:103D2000FF7322F4006203EA01211143018370470B
:103D300070B5028C22F480720284028C8388848B9A
:103D40000D8824F0730425438E894FF6FF7422F406
:103D5000007204EA062616434A8804EA0222324325
:103D6000104EB04202D0104EB04215D122F400667F
:103D7000CA8923F4405304EA0222324322F48066C3
:103D80008A8804EA022232430E8A04EA06161E4397
:103D90004B8A04EA03133343838085838968C163B4
:103DA000028470BD0000014000040140028C4FF607
:103DB000FF7322F4007203EA01211143018470476A
:103DC000828B22F008020A438283704770B5028C0E
:103DD00022F480520284058C8288838B0C8823F421
:103DE000E6464FF6FF7303EA0424344325F40056F5
:103DF0008D8903EA053535434E8803EA06362E439E
:103E0000084DA84202D0084DA84205D122F48045B1
:103E10000A8A03EA82122A438280848389680164C1
:103E2000068470BD0000014000040140028C4FF682
:103E3000FF7322F4005203EA0131114301847047F9
:103E4000828B4FF6FF7322F4006203EA01211143D3
:103E50008183704741627047028B22F00C0202831B
:103E6000028B0A4302837047028B22F44062028372
:103E7000028B4FF6FF7303EA01210A430283704766
:103E8000828B22F00C028283828B0A4382837047EA
:103E9000828B22F440628283828B4FF6FF7303EAA7
:103EA00001210A438283704730B50288164C174DB2
:103EB000A0420DD0A8420BD0B0F1804F08D0144BD7
:103EC000984205D0134B984202D0134B984203D12D
:103ED00022F070034A881A43104B984206D0104BC8
:103EE000984203D022F440730A891A4302804A6838
:103EF000C2620A880285A04201D0A84201D1897A13
:103F000001860121818230BD000001400004014092
:103F10000004004000080040000C00400010004079
:103F2000001400404FF0FF31416000210180018109
:103F300041808172704700000A2809DB0C48D0F8E4
:103F40000C0228B10B480078012801D000207047EE
:103F5000094A012000211160084A1160084A516392
:103F60009163084A916391631164D16370470000C3
:103F70000080414244010020344401403448014063
:103F8000004001400000014070B52E4C40F2255128
:103F9000204600F09FFAE8B3204600F029FBC1B2AA
:103FA00029480068B0F57A7F45DB294A274C00256F
:103FB00090797B29215400D028B1401CC0B2907167
:103FC0000B2802D037E0957135E09571A07A7D28F5
:103FD00031D100210920FCF7A5FF617A88422AD15E
:103FE0001C4805701C4805701C4805701C4805706D
:103FF0001C4805702179E07800F056FB1A4D85EDDC
:10400000000AA179607900F04FFB184880ED000AA2
:10401000217A00E00FE0E07900F046FB1448154EED
:10402000F0EE400A0078022807D0217AE07900F00B
:104030003BFB86ED000A002070BD95ED000A00F004
:10404000DDFAF6E700500040B0010020A406002091
:10405000A800002054010020560100205501002036
:104060005701002091010020700100207401002000
:10407000450100207801002070B5324D40F22551F5
:10408000284600F027FA002854D0002401262846AC
:1040900000F0AEFAC1B22C480068B0F57A7F49DB77
:1040A0002B4B2A4D002218787B29295400D028B1A7
:1040B000401CC0B218700B2802D03BE01A7039E0E7
:1040C0001A70A87A7D2835D10020295C401C4C400C
:1040D0000928FADB687AA04200D05EBB1D4801784F
:1040E00049B9012101701C4802701C4802701C482B
:1040F00002701C4802702979E87800F0D5FA1A4C51
:1041000084ED000AA979687900F0CEFA174880EDAD
:10411000000A297AE87900F0C7FA1548154EF0EE42
:10412000400A0078022807D0297AE87900F0BCFA22
:1041300086ED000A002070BD94ED000A00F05EFAE2
:10414000F6E7000000100140B00100203406002016
:10415000A8000020900100205501002054010020FB
:10416000560100205701002070010020740100203A
:1041700045010020780100202DE9F04140F2255151
:104180002DED048B734800F0A5F9002872D071481A
:10419000001D008870490968B1F57A7F6ADB01214A
:1041A00000246E4D412810D12A79412A0DD16C4A44
:1041B000137853B96B4B1C706B4B1C7011706B4AAE
:1041C00014706B4A14706B4A1470C3B26A4A6B4F16
:1041D000DFF8ACC16B4E2B714B2808D0492808D0B2
:1041E0004A2806D036782EB1012E0BD01EE0317051
:1041F0000CE03470A0F14106072E26D9082814DC03
:10420000137013E0432809D047280BD03C708CF87A
:104210000040412819D0452817D006E03C708CF8A2
:10422000001002E039708CF8004014709FED560ABF
:10423000564A9FED579A574E58280AD059280DD004
:104240007B2818D07D281CD00EE0A0F14006167007
:10425000ECE7D6ED000A30EE800A03E0D6ED000A66
:1042600030EEC00A86ED000A6878012804D00228E2
:1042700009D060E068E06970A8781354401CA87009
:1042800059E002206870D078502806D05078232852
:1042900048D0A878E87090462AE03F48017041E095
:1042A000A978081A05F00DF941EC110B9FED3B0BB5
:1042B00000F0AAFBEF78B0EE408A08EB0700F0EEC2
:1042C000608A10F8010C303805F0FBF853EC182B1D
:1042D00005F05EF941EC180BA86805F04FFC53ECB3
:1042E000182B04F0ABFE04F077FE7F1EA860EF7081
:1042F000E8780428D4D298F801003038032811D285
:10430000DFE800F002070B0095ED020A86ED000AD7
:1043100008E095ED020A234802E095ED020A2248E2
:1043200080ED000A6C70AC70EC7085ED029A322161
:104330001648FCF712F996ED000AB5EEC00AF1EE48
:1043400010FA01D286ED009A0020BDEC048BBDE886
:10435000F08100000044004000020020A80000207E
:104360005501002054010020560100205701002073
:1043700090010020910100205801002092010020AE
:1043800093010020940100200000C8423F06002055
:1043900000000000480100209501002000000000FE
:1043A000000024404C0100205001002070B52F4C2B
:1043B00040F22551204600F08DF800284ED02046CE
:1043C00000F016F9C1B22A480068B0F57A7F45DBE3
:1043D000294A284C002550797B29215400D028B146
:1043E000401CC0B250710B2802D037E0557135E047
:1043F0005571A07A7D2831D100210920FCF792FD6A
:10440000617A88422AD11D4805701D4805701D48F3
:1044100005701D4805701D4805701D4805702179FF
:10442000E07800F041F91B4D85ED000AA179607933
:1044300000F03AF9184880ED000A217AE07900F09E
:1044400033F91648164EF0EE400A0078022807D0DD
:10445000217AE07900F028F986ED000A002070BD8D
:1044600095ED000A00F0CAF8F6E7000000480040A9
:10447000B0010020A4060020A80000205401002064
:104480005601002055010020570100209001002016
:1044900091010020700100207401002045010020DE
:1044A0007801002000B5054B0022985C03F0BCFBAE
:1044B000521CD2B2182AF8D300BD000072060020A8
:1044C0000029818902D041F4005101E021F400511A
:1044D0008181704770B501F01F0501260024C1F3EA
:1044E000421306FA05F2012B0FD0022B0FD0838A5C
:1044F0004FEA11210088134206FA01F600EA06008D
:1045000001D000B10124204670BD8389F0E7038A01
:10451000EEE710B5C1F3421301F01F040121A140E1
:10452000012B07D0022B07D01430002A026805D0D7
:104530000A4304E00C30F8E71030F6E78A430260E3
:1045400010BD00007FB50446008A0D46C98820F4DE
:10455000405001432182A08941F20C618843A9881F
:104560002A8911436A8902431143A181A08A20F458
:104570004071A8890843A0826846FEF7B9FB1A4833
:10458000844202D01948844201D1039800E0029885
:10459000A189090400EBC00101EB0010296801D5D5
:1045A000490000E08900B0FBF1F06422B0FBF2F1B9
:1045B00009010B096FF018056B4300EB8300A38919
:1045C0001D044FF0320306D503EBC000B0FBF2F040
:1045D00000F0070005E003EB0010B0FBF2F000F084
:1045E0000F00084320817FBD0010014000140140EE
:1045F0008088C0F308007047FEE7000010B52DED7D
:10460000048BB0EE608AB0EE409ADFED238AB5EEFF
:10461000C08AF1EE10FA3CD0B5EEC09AF1EE10FA75
:1046200037D089EE080A01F035FFB4EEE80AF1EE62
:1046300010FA0FD8B5EEC08AF1EE10FAB0EE490AC2
:1046400002DD01F027FF03E001F024FFB1EE400A94
:1046500080EE288A1148B6EE001A90ED000A104844
:10466000C9EE080A40EE010A90ED001A81EE200A18
:1046700010EE100A05F082FA41EC100B00F058F829
:1046800051EC100B04F0A8FC00EE100ABDEC048BFA
:1046900010BD9FED040AF9E73333B33E84010020D7
:1046A000880100200000000070B501EB002004B27A
:1046B0004FF47A7594FBF5F005FB10402DED028B5D
:1046C00004F0FFFE9FED0B1B53EC112B04F060FF79
:1046D00041EC180B94FBF5F004F0F3FE53EC182BAF
:1046E00004F0ACFC04F078FCBDEC028B00EE100A88
:1046F00070BD0000FCA9F1D24D62503F03B4019897
:104700004100009850EAC12018BF04204A0D18BF8C
:1047100040F0010040F2FF72B2EB515F08BF40F081
:104720000200012808BF052002B070470000000009
:1047300070B59B482DED020B2DED068B079D25F0E6
:104740000044A04218DC9748844202DC0AD1069853
:1047500040B19DED060BBDEC068B02B0BDE870408C
:1047600001F052BC002DCCBF9FED8F0B9FED900B45
:10477000BDEC068B02B070BD8F48A04215DD8F489E
:10478000A042D8BF4FF0FF3458DD9DED060B51EC31
:10479000100BFFF7B3FF042808BF01F069FC9DED83
:1047A000060BBDEC068B02B070BD9DED060B51EC07
:1047B000100B01F063FECDE9060181489FED828B6D
:1047C000A0423CDD8248A0421FDD00249FED82AB69
:1047D0009DED060B53EC1A2B51EC100B04F02EFC44
:1047E0009DED060B41EC190B53EC1A2B51EC100B01
:1047F00004F0CEFE53EC182B05F0D6F853EC192B31
:1048000004F0D8FCCDE9060149E09DED060B01243A
:1048100053EC182B51EC100B04F010FC9DED060B23
:1048200041EC190B53EC182B51EC100B05F0BCF8B4
:1048300053EC192B04F0BEFCCDE906012FE06848CB
:10484000A0421FDD02249FED689B9DED060B53ECFB
:10485000192B51EC100B04F09BFE53EC182B04F0B9
:10486000EDFB9DED060B41EC180B53EC192B51ECB5
:10487000100B05F099F853EC182B04F09BFCCDE9D4
:1048800006010CE09DED060B032453EC102B9FED6D
:10489000580B51EC100B04F08DFCCDE906019DED99
:1048A000060B53EC102B51EC100B04F071FE41EC95
:1048B000180B53EC182B04F06BFE41EC190B4E480F
:1048C0000621B0EE490AF0EE690A784401F060F979
:1048D00053EC182B51EC100B04F05AFE41EC180B62
:1048E0004648B0EE490AF0EE690A0521784401F025
:1048F0004FF953EC192B51EC100B04F049FE41EC2D
:10490000100B51EC180B53EC102B002C0EDA04F0AA
:1049100095FB9DED061B53EC112B04F039FE9DED2C
:10492000061B53EC112B04F067FF35E004F086FB07
:104930009DED061B53EC112B04F02AFE41EC100BED
:104940002F48784400EBC40090ED001B51EC100B95
:1049500053EC112B05F028F89DED061B53EC112BA1
:1049600005F022F841EC100B2648784400EBC40017
:1049700090ED001B51EC100B53EC112B04F03CFF9D
:1049800041EC100B002DA2BFBDEC068B02B070BD38
:1049900051EC100B04F014FB41EC100B01E700008C
:1049A000000010440000F07F182D4454FB21F93F13
:1049B000182D4454FB21F9BF0000DC3F0000203ECD
:1049C0000000F33F00000000000000000000F03F86
:1049D0000000E63F00000000000000000000004072
:1049E0000080034000000000000000000000F83FCD
:1049F000000000000000F0BFA2690000586900003C
:104A0000E26800009A6800002DE9F04D2DED040BDE
:104A10002DED0E8B96B0DDE92550279CDDF890A09A
:104A200025F0004624F00048BAF1000F14BF012120
:104A3000002101EB4502FC4953184A1093422AD346
:104A4000002814BF0123002303EB44030B44F74960
:104A50008B4220D358EA00019FEDF59B76D0DFF81A
:104A6000D8B35D4503D1BAF1000F05D188E0BAF1A2
:104A7000000F08BF002100D0012101EB450111F515
:104A8000001F08D8002814BF0121002101EB4401B8
:104A900011F5001F0BD99DED261B9DED240B16B0C3
:104AA000BDEC0E8B04B0BDE8F04D01F0B7BA0027A5
:104AB000002DBCBFE149884521DAE1498845A8BFFE
:104AC00002271CDAC3451ADCDE4901EB2851142900
:104AD00008DDC1F1340220FA02F101FA02F2824249
:104AE0000DD108E058B9C1F1140228FA02F101FA17
:104AF00002F2424503D101F00101C1F1020756EA79
:104B00000A0124D1002C22DA002D18BF022F01D077
:104B1000012F0AD00220FBF74BFD16B0BDEC0E8B27
:104B200004B0BDE8F04D01F057BA0220FBF740FD9C
:104B300001F052FA51EC100B04F042FA41EC100B68
:104B400016B0BDEC0E8B04B0BDE8F08D18E09FED03
:104B5000BEAB9FEDBF8B002871D1B848804522D1F4
:104B600005F1804010F5801008BFBAF1000F07D0A2
:104B7000B3450ADC002CA8BF9DED260BE0DA0DE062
:104B8000B0EE490AF0EE690ADAE7002C06DA9DED8C
:104B9000260B51EC100B04F013FA6FE0AE4878448A
:104BA00090ED000BCCE7D8454DD1002C48DA2EB162
:104BB00086423AD1BAF1000F42D126E0BAF1000F95
:104BC00013D00220FBF7F4FC01F042FA8DED020B4A
:104BD0009DED240B8DED000B10EE900A039961F30F
:104BE0001E0003909DED020BAAE78DED02AB9DED3B
:104BF000240B1AEE901A10EE900A8DED000B61F363
:104C00001E0003909DED020B9AE78DED028B9DED4A
:104C1000240B18EE901A10EE900A8DED000B61F344
:104C20001E0003909DED020B8AE709DA9DED240B2F
:104C300051EC190B53EC102B04F0BCFA1EE020E0F1
:104C40009DED240B7CE786421BDAB4F1804F0DD03A
:104C5000A4F10050B0F1FF5013D1002D11DB9DEDF8
:104C6000240B51EC100B02F02BFE07E09DED240B02
:104C700053EC102B51EC100B00F0C2BC41EC100BAC
:104C80005EE79DED240B51EC100B01F0F7FBBAF140
:104C9000000FCDE90E0142D19FED710B46B3A6F195
:104CA000E040B0F17F600CD05E4538D1002D00DAD5
:104CB000A7B3022F0CBF01204FF0FF3004F001FC1E
:104CC000DCE7002D01DD002C0DDA002D01DD002CCC
:104CD0001FDB002D16DA002C14DB012F08BF9FED1F
:104CE000620B3FF42DAFB0EE4A0AF0EE6A0A27E7F6
:104CF000022F18BF002D0CD0012F0AD1002DFFF676
:104D00001FAF06E0002DB8BF002C08DA012F3FF4DA
:104D100017AFB0EE480AF0EE680A11E71BE0012079
:104D200000EBE57050EA070115D0791EB0EE498A14
:104D3000F0EE698A084308BF9FED4D8B4E48002571
:104D4000804570DD4D494E48884514DDB0420DDB8D
:104D5000002C19DB2FE00120FBF72AFC16B0BDEC7C
:104D60000E8B04B0BDE8F04D01F062B9B34502DC32
:104D7000002C09DC1FE0864202DA002C1BDA03E07B
:104D80005E452BDD002C16DD0220FBF711FC01F047
:104D90005FF98DED020B53EC1A2B51EC180B04F05C
:104DA000F7FBCDE900010399019861F31E00039020
:104DB0009DED020BC4E60220FBF7FAFB01F058F967
:104DC00010EE901A18EE900A8DED020B8DED008B0F
:104DD00061F31E0003909DED020BB1E69DED0E0BFD
:104DE00053EC192B51EC100B04F0DEFD9FED260B5C
:104DF000CDE9080153EC102B9DED080B51EC100B85
:104E000004F0C6FB9FED221B53EC112B04F0F4FCC5
:104E10009DED081B53EC112B04F0BAFB9FED1E1BFC
:104E200053EC112B3CE08CE0FFFF1F00FFFF0F0055
:104E3000000000000000F03F0000F03F0000F07FA5
:104E40000000404301FCFFFF000000000000F07F75
:104E50000000000000000000866700000000000065
:104E60000000000000000080000000000000F0FFD3
:104E7000000000000000F0BF0000E0410000F0432F
:104E8000FFFFEF3F00000000000000000000D03FE7
:104E9000555555555555D53F000000000000E03FE1
:104EA00004F0AAFC9DED080B41EC1A0B53EC102BFF
:104EB00051EC100B04F06CFB53EC1A2B04F068FB64
:104EC00041EC1A0B9FEDFE0B53EC102B9DED080BE4
:104ED00051EC100B04F05CFB41EC1B0B9FEDFA0B4B
:104EE00051EC1A0B53EC102B04F052FB41EC1A0B53
:104EF0009FEDF70B53EC102B9DED080B51EC100BB5
:104F000004F046FB53EC1A2B04F04EFD41EC1A0B57
:104F100051EC1B0B53EC1A2B04F090F80690CDE9E2
:104F200006519DED060B53EC1B2B51EC100B04F0BE
:104F30003BFD53EC1A2B04F05FFC41EC100B00F02E
:104F4000A1B90020B6F5801F0EDA9FEDE30B53ECFC
:104F5000102B9DED0E0B51EC100B04F019FBCDE95D
:104F60000E016FF034000E4600EB2650A0F2FF3722
:104F7000C6F31300DA4940F07F6646F04056884297
:104F8000D8BF002408DDD7498142C8BF012403DC13
:104F90000024A6F580167F1CD348784400EBC4009B
:104FA0000F9690ED00CB9DED0E0B53EC1C2B51ECAE
:104FB000100B04F0F9FC9DED0E0B41EC1B0B53ECB8
:104FC0001C2B51EC100B04F039F841EC100B51EC98
:104FD000190B53EC102B04F0EDF841EC1D0B51ECC8
:104FE0001B0B53EC1D2B04F0D3FA41EC1A0BBF48FA
:104FF0008DED10AB7844109590ED000B4FF0005004
:1050000040EA660000EB84408DED080B00F50020BF
:1050100009909DED080B53EC1C2B51EC100B04F088
:10502000C3FC9DED0E1B53EC112B04F0E5FB41EC92
:10503000100B53EC102B9DED100B51EC100B04F0EA
:10504000A7FA9DED080B41EC1C0B53EC102B9DEDCA
:10505000100B51EC100B04F09BFA53EC1B2B04F0DB
:10506000CBFB53EC1C2B04F09FFC53EC1D2B04F0EA
:105070008FFA41EC1C0B53EC1A2B51EC1A0B04F079
:1050800087FA41EC1B0B9A480621B0EE4B0AF0EE72
:105090006B0A784400F07CFDB0EE401AF0EE601A26
:1050A000B0EE41DAF0EE61DA53EC1B2B51EC1B0B46
:1050B00004F06EFA53EC1D2B04F06AFA9DED100B10
:1050C00041EC1B0B53EC1A2B51EC100B03F0B6FF09
:1050D00053EC1C2B04F05CFA53EC1B2B03F0AEFFDB
:1050E0009DED100B41EC1B0B53EC102B51EC100BF6
:1050F00004F04EFA41EC1D0B9FED7FEB53EC1E2BA1
:1051000003F09CFF53EC1B2B03F098FF0890CDE9B4
:1051100008519DED080B53EC1E2B51EC100B04F0C5
:1051200043FC53EC1D2B04F03FFC53EC1B2B04F011
:1051300063FB9DED080B41EC1D0B53EC102B9DED1B
:10514000100B51EC100B04F023FA41EC1B0B53EC49
:105150001A2B51EC1D0B04F01BFA9DED080B41ECD2
:105160001A0B53EC102B51EC1C0B04F011FA53ECFE
:105170001A2B03F063FF41EC1A0B51EC1B0B53ECA1
:105180001A2B03F05BFF0C90CDE90C519DED0C0B3D
:1051900053EC1B2B51EC100B04F006FC53EC1A2BB8
:1051A00004F02AFB41EC1B0B9FED550B53EC102B2D
:1051B0009DED0C0B51EC100B04F0EAF941EC1A0BCD
:1051C0009FED510B51EC1B0B53EC102B04F0E0F94D
:1051D00041EC1B0B9FED4E0B53EC102B9DED0C0B7C
:1051E00051EC100B04F0D4F953EC1B2B03F026FF09
:1051F00041EC100B4848784400EBC40090ED001BD4
:1052000051EC100B53EC112B03F018FF41EC1B0B6E
:10521000384604F056F9CDE9080153EC1B2B51EC4C
:105220001A0B03F00BFF41EC100B3C48784400EBE9
:10523000C40090ED00CB51EC100B53EC1C2B03F091
:10524000FDFE9DED081B53EC112B03F0F7FE0690BD
:10525000CDE906519DED080B53EC102B9DED060B8F
:1052600051EC100B04F0A0FB53EC1C2B04F09CFB46
:1052700053EC1A2B04F098FB53EC1B2B04F0BCFAF4
:1052800041EC100B9DED261B53EC102B8DED001BFC
:1052900000959DED260B51EC100B04F079F99DED76
:1052A000000B41EC1A0B53EC102B9DED260B51EC2F
:1052B000100B04F079FB9DED061B53EC112B2FE036
:1052C000000000604715F73FFE822B654715F73F4A
:1052D00044DF5DF80BAE543E000000000000404388
:1052E0008E9803007AB60B00026300003063000062
:1052F0003A620000000000000000000000000840CA
:10530000000000E009C7EE3FFD033ADC09C7EE3FAD
:10531000F5015B14E02F3EBEC66000008060000017
:1053200004F036F953EC1A2B03F088FE9DED060BC2
:1053300041EC1A0B53EC102B9DED000B51EC100BB4
:1053400004F026F9CDE90C019DED0C0B51EC1A0B84
:1053500053EC102B03F072FECDE902010C46AA4972
:105360008C422FDB611A084318D19DED0C0B53ECD6
:10537000102B9DED020B51EC100B04F015FB41ECD2
:105380001B0B9FEDA30B51EC1A0B53EC102B03F0EE
:1053900055FE53EC1B2B04F0F9F92DD20220FBF73C
:1053A00007F900F055FE10EE901A18EE900A8DEDF8
:1053B000020B8DED008B61F31E0003909DED020B3F
:1053C000FFF7BEBB944A24F00041914214D39349A5
:1053D000214408437FF4EFAC9DED0C0B53EC102BF4
:1053E0009DED020B51EC100B04F0DEFA53EC1A2B7E
:1053F00004F0CCF97FF6DFAC24F000408849894AFC
:10540000002601EB205182422BDA481C4FF4801118
:1054100021FA00F02044844AC0F30A517A44A1F2F0
:10542000FF3192ED000B814A8DED080BCA4020EA56
:105430000202C0F3130040F48010C1F1140120FAFD
:1054400001F60992002CB8BF76429DED080B53EC93
:10545000102B9DED0C0B51EC100B04F0A5FACDE9CF
:105460000C019DED0C0B51EC1A0B53EC102B03F0BF
:10547000E5FD9FED6F0B0890CDE9085153EC102B23
:105480009DED080B51EC100B04F082F841EC1B0B66
:105490009FED690B53EC102B9DED080B51EC100B9D
:1054A00004F076F89DED0C0B41EC1C0B53EC102B2B
:1054B0009DED080B51EC100B04F076FA53EC1A2B0F
:1054C00004F09AF99FED5E1B53EC112B04F060F889
:1054D00053EC1C2B03F0B2FD41EC1A0B51EC1B0BEF
:1054E00053EC1A2B03F0AAFDCDE902019DED020B4E
:1054F00053EC1B2B51EC100B04F056FA53EC1A2B07
:1055000004F07AF99DED020B41EC1A0B53EC102BD1
:1055100051EC100B04F03CF8CDE908014A489DED30
:10552000080B0521784400F033FB9DED081B51EC7E
:10553000100B53EC112B04F02BF89DED021B53ECD8
:10554000112B04F059F9CDE906019DED020B53EC46
:105550001A2B51EC100B04F01BF853EC1A2B03F030
:105560006DFD9FED3B0B41EC1A0B53EC102B9DEDA9
:10557000060B51EC100B04F017FA9DED060B41ECF5
:105580001B0B53EC102B9DED020B51EC100B03F099
:10559000FFFF53EC1B2B03F00DFE53EC1A2B04F012
:1055A00003FA9DED021B53EC112B04F0FDF953ECB3
:1055B000192B04F021F9CDE9020101EB0650011588
:1055C0000029C8BF039015DC9DED020B324651EC5B
:1055D000100B04F080FBFFF791F8042808BF00F0DF
:1055E00047FD32469DED020B51EC100B04F073FBAE
:1055F000CDE902019DED020B51EC180B53EC102B81
:1056000003F0C6FFFFF73ABB000090400000000027
:10561000FE822B654715973C00CC904000346F3FCD
:1056200001FCFFFF0000E03F085F0000FFFF0F00EC
:1056300000000000432EE63F396CA80C615C20BEE0
:10564000EF39FAFE422EE63FD85D00000000000070
:10565000000000000000004000B52DED048BB0EE0E
:10566000409AF0EE609A83B051EC190B04F0D0F838
:1056700041EC180B18EE100A18EE901A8DED008B05
:10568000002818BF0120084320F00040C0F17F60CF
:1056900000F1E040C00F14D019EE101A19EE900A74
:1056A0008DED009B002918BF0121084320F0004028
:1056B000C0F17F6000F1E040C00F04BF0120FAF7A5
:1056C00077FFB0EE480A03B0F0EE680ABDEC048B39
:1056D00000BD00000000000010B51D499FED1A1B21
:1056E0002DED020B84B0059820F000408842DCBF0D
:1056F00001209DED040B21DD1649884209D1049853
:1057000040B94FF00100FAF753FF00F091FC06B0EA
:1057100010BD05DB9DED040B00F076FC06B010BD5E
:1057200068469DED040B00F017F800F00100012120
:10573000A1EB40009DED021B9DED000B00F0A4FAD3
:1057400006B010BD000000000000000000000000D6
:10575000FB21E93F0000F07F2DE9F14F04462DEDDC
:10576000020B2DED088B8AB09FEDE70B80ED020B4D
:10577000139EE74826F0004585420ADC9DED120B9A
:10578000002084ED000B0AB0BDEC088B03B0BDE82F
:10579000F08FE0489FEDE0AB9FEDE1BBA84247DD15
:1057A000E14F9FEDE39B9FEDE48B9DED120B53ECDE
:1057B0001A2B51EC100B002E1CDD04F0F5F841EC17
:1057C000100BBD4208D053EC1B2B51EC100B04F016
:1057D000EBF8C4E900010BE053EC192B51EC100B72
:1057E00004F0E2F853EC182B04F0DEF8C4E90001F1
:1057F0000120C8E703F022FC41EC100BBD4208D0A9
:1058000053EC1B2B51EC100B03F018FCC4E9000106
:105810000BE053EC192B51EC100B03F00FFC53EC85
:10582000182B03F00BFCC4E900014FF0FF30AAE78E
:10583000C348A84279DB9DED120B51EC100B00F030
:105840001DFE41EC180B9FEDC00B53EC102B03F029
:105850009FFE9FEDBF1B53EC112B03F0EFFB03F0FA
:1058600001FE074603F02DFE41EC190B53EC1A2BF9
:1058700003F08EFE53EC182B03F0BEFF41EC180B27
:1058800053EC1B2B51EC190B03F082FEDFF8C8A27E
:1058900041EC100B4FEA15580125FA4453EC102B3C
:1058A00051EC180B04F080F8032DC4E900013DD041
:1058B000C1F30A5005EB4511A8EB000011398142F4
:1058C00034DA0AEB051BB0EE48AA9BED000BF0EEB4
:1058D00068AA53EC102B51EC190B03F059FE41EC64
:1058E0001B0B51EC1A0B53EC1B2B04F05DF841EC35
:1058F000180B51EC1A0B53EC182B04F055F853EC21
:105900001B2B04F051F89BED020B41EC1A0B53ECEE
:10591000102B51EC190B03F03BFE53EC1A2B04F047
:1059200043F841EC100B6D1CB8E70EE0002EA8BF49
:105930003846BFF628AF94ED000B51EC100B03F086
:105940003FFBC4E9000178421DE7C6F3130040F4B1
:10595000801EC6F30A50A0F2F530471100F01F0573
:10596000C5F12000DDF848B00890002006900790AF
:105970000520EC467949002D07EB0002794408BF69
:1059800051F8221009D051F8223001EB8201AB40CE
:105990004A68089922FA01F11943A1FB0E26A1FBDE
:1059A0000B131A449A4234BF0123002303EB060869
:1059B0000CEB8003D3E901A60E448E4234BF0121D3
:1059C000002192448A4411B1924502D903E09245E4
:1059D00001D2012100E00021C3E901A641444CF8B5
:1059E0002010011EA0F10100C4DC029800F100505B
:1059F000850F0298DDE903678000DDF8148003F06D
:105A000060FD41EC1A0B304603F072FD9FED541B14
:105A100053EC112B03F0BCFD41EC1B0B384603F09B
:105A200067FD9FED511B53EC112B03F0B1FD41ECD1
:105A3000180B404603F05CFD9FED4D1B53EC112B02
:105A400003F0A6FD41EC190B51EC180B53EC192B8C
:105A500003F0F4FA53EC1B2B03F0F0FA53EC1A2B7F
:105A600003F0ECFACDE90801002008909DED080B49
:105A700053EC1A2B51EC100B03F096FF53EC1B2B3D
:105A800003F092FF53EC182B03F08EFF53EC192B0D
:105A900003F0B2FE9FED381B53EC112B03F078FDA1
:105AA0009FED370B41EC180B53EC102B9DED080BC1
:105AB00051EC100B03F06CFD53EC182B03F0BEFA05
:105AC0009FED310B41EC180B53EC102B9DED080BA7
:105AD00051EC100B03F05CFD53EC182B03F0AEFA05
:105AE00041EC100B139810F0004F06D06D4251ECB2
:105AF000100B03F065FA41EC100B284684ED000B07
:105B000041E600000000000000000000000000006E
:105B1000FB21E93F7CD9024000004054FB21F93FC2
:105B20003163621A61B4D03DFB21F93F00000000EF
:105B30000000601A61B4D03D7370032E8A19A33B34
:105B4000FB2139410000000083C8C96D305FE43F8C
:105B5000000000000000E03F925A0000E059000001
:105B6000000000000000103E000000000000103C9B
:105B7000000000000000103A182D4454FB21F93DAC
:105B80003326A611460B113C00000054FB21F93DC1
:105B900070B504462DED028B4D1E00EBC500B0EE36
:105BA000408AF0EE608A90ED000B35F0060017D0C9
:105BB00053EC182B51EC100B03F0EAFC41EC100BEA
:105BC0006D1E04EBC50090ED001B51EC100B53EC67
:105BD000112B03F033FA41EC100B35F00600E7D13E
:105BE000022D36D0042D1CD0062D1CBFBDEC028B1F
:105BF00070BD53EC182B51EC100B03F0C9FC94ED65
:105C00000A1B53EC112B03F019FA53EC182B03F079
:105C1000BFFC94ED081B53EC112B03F00FFA41EC81
:105C2000100B53EC182B51EC100B03F0B1FC94ED5E
:105C3000061B53EC112B03F001FA53EC182B03F065
:105C4000A7FC94ED040B53EC102B03F0F7F941EC97
:105C5000100B53EC182B51EC100B03F099FC94ED46
:105C6000021B53EC112B03F0E9F953EC182B03F052
:105C70008FFC94ED001B53EC112B03F0DFF9BDEC0E
:105C8000028B41EC100B70BDF1B506462DED040BF7
:105C9000BD482DED0C8B8AB0B0EE418AF0EE618AE2
:105CA000179D25F000449FEDBABB9FEDBBCB84420E
:105CB00008DA9DED160B51EC100B03F0D3FB002816
:105CC00000F0E980B64FA74231DC002D0DDA9DEDE2
:105CD000160B51EC100B03F073F9CDE9160151ECE2
:105CE000180B03F06DF941EC180B9FEDAF0B53EC63
:105CF000102B9DED160B51EC100B03F07DFD53ECBA
:105D0000182B9FEDAB0BCDE9040151EC100B03F008
:105D10004BFE41EC100B53EC102B9DED040B51ECA2
:105D2000100B03F08BF99FEDA48BCDE916019DEDCF
:105D3000160B53EC102B51EC100B03F029FCCDE9A2
:105D400004019DED040B53EC102B51EC100B03F0F0
:105D50001FFC41EC190B9A480621B0EE490AF0EEFF
:105D6000690A7844FFF714FF9648B0EE40DAF0EE87
:105D700060DAB0EE490AF0EE690A06217844FFF7CE
:105D800007FF9DED041B51EC100B53EC112B03F09E
:105D9000FFFB9DED040B41EC1A0B53EC102B9DED1A
:105DA000160B51EC100B03F0F3FB41EC190B53EC09
:105DB0001A2B51EC1D0B03F041F953EC192B03F096
:105DC000E7FB53EC182B03F039F99DED041B53EC62
:105DD000112B03F0DDFB53EC182B03F02FF941ECF2
:105DE000180B9FED790B51EC190B53EC102B03F0B2
:105DF000CFFB53EC182B03F021F941EC190B9DED6F
:105E0000160B53EC192B51EC100B03F017F941EC66
:105E1000180BA74269DC304603F053FB41EC1A0B28
:105E200051EC180B53EC1A2B03F008F941EC1B0B47
:105E300053EC182B51EC180B03F0AAFB53EC1B2B63
:105E400003F0B8F953EC192B03F0AEFD9DED161BD2
:105E500053EC112B03F0D0FC9FED5D1B53EC112B89
:105E600003F096FB53EC1A2B03F0C6FC41EC180B25
:105E7000022000EAA570C0F1010003F022FB53EC00
:105E8000182B03F085FB00BF41EC100B0AB0BDECF2
:105E90000C8B05B0F0BD711C1698214308430CD043
:105EA0009DED160B012E1CBF53EC102B51EC1C0B5F
:105EB00010D000BF03F07EF9E6E79DED160B51EC24
:105EC000100B00F0DBFA41EC100B51EC1B0B53EC08
:105ED000102BEFE751EC100BFEF710FC042808BF65
:105EE00000F0C6F89DED160BD0E7012E04BFB0EE12
:105EF000480AF0EE680AC9D08DED048B00240494A2
:105F00009DED040B53EC102B9DED160B51EC100B7B
:105F100003F072FC53EC192B03F06EFC41EC190BEF
:105F200053EC182B51EC1C0B03F044F941EC180B0B
:105F30008DED008B00949DED040B53EC102B9DED2B
:105F4000000B51EC100B03F023FB53EC1B2B03F065
:105F500075F89DED000B41EC1A0B53EC192B51EC2D
:105F6000100B03F015FB53EC1A2B03F067F853ECFE
:105F7000182B03F00DFB9DED001B53EC112B03F0D0
:105F80005DF881E7000000000000303E00000000E6
:105F9000000000000000F03F000000000000F0BF23
:105FA0002894E53F00000000182D4454FB21E93FF0
:105FB000075C143326A6813C0000000000000000AE
:105FC00092560000A8560000635555555555D53FCB
:105FD00000000000000000409FED070B10B553ECDF
:105FE000102B9FED070B51EC100B03F0E3F841EC85
:105FF000100B10BD000000000000000000000000B9
:10600000000000000000F03F10B553EC102B51ECE5
:10601000100B03F013F841EC100B10BD10B553EC4E
:10602000112B51EC100B03F009F841EC100B10BDD3
:106030009FED050B10B553EC102B51EC100B03F03A
:10604000B9F841EC100B10BD00000000000000008A
:106050009FED050B10B553EC102B51EC100B03F01A
:1060600097FA41EC100B10BD00000000000000701A
:106070009FED050B10B553EC102B51EC100B03F0FA
:1060800087FA41EC100B10BD00000000000000106A
:106090007047000030B5204AD2F800421F4B002163
:1060A0002CB1D981D2F80052012425B106E0DC8957
:1060B000641CDC81F6E71D7905B91C715D794DB969
:1060C0001D79012D03D19D796D1C9D715C719C79A9
:1060D000022C04D0D2F80022012A04D005E09971E4
:1060E0009981022030BD197159719A79012A11D113
:1060F0009A89521C92B29A81824206D9DA898242E6
:1061000003D299719981012030BDDA89824201D987
:1061100099719981002030BD00004242200000208A
:1061200008B500F0CBF900903221684601F046FF37
:1061300000F004F8FEF7B6F9F6E700002DE9F041AB
:10614000914C7B202DED068BF5EE004AF6EE00AA71
:1061500020767D20DFF838828E4E84F82E00D8ED30
:10616000000A96ED001A8C4F8C4970EE811A97ED5B
:10617000003AD1ED002A854831EE830A884A00783A
:10618000884B30EE220A20EE240A9FED878A61EECA
:10619000AA1A92ED002A20EE080A002561EE881A5C
:1061A0000628FDEEC03A93ED000AFDEEE11A32EE4C
:1061B000004A31EE602A6FD2DFE800F003209898A1
:1061C000879830EEC10A13EE900A608330EE030A1E
:1061D00030EE620A20EE240A20EE080ABDEEC00A64
:1061E00010EE100AB1EE600AA08330EE410A30EEE4
:1061F000030A30EE220A20EE240A74E09FED6B0BB6
:10620000FFF72AFA9FED6B1B51EC100B53EC112B8F
:1062100003F0BEF997ED00AAD6ED008A41EC190B08
:106220003AEE680A20EE2A0A10EE100A03F0A6FCE5
:1062300053EC192B02F0BEFF9FED601B53EC112BAA
:1062400003F0A6F903F00EF9608398ED000AB0EEB2
:10625000001AF0EE680A50EE010A30EE280A70EEDD
:10626000CA1AF0EE080A81EEA01A21EE081ABDEE55
:10627000C11A11EE100A30EE0A1AA083514881EEBD
:10628000200A90ED001AC0EE010A20EE880ABDEE49
:10629000C00A10EE100AE0834B48DFF830C14C4FC3
:1062A000B0F902306384018849420AB2A284B0F98D
:1062B0000410E184BCF902002085BCF8006076423D
:1062C00036B266853F78C7B119E0B1EE410A13EEE8
:1062D000900A30EE600A6083A58330EE030A30EE48
:1062E000220A20EE2A0AC0EE040ACEE7C2EE000A15
:1062F00011EE900A6083A583C7E7BCF80450A5851A
:10630000344D95ED000A20EE080ABDEEC00A10EEED
:10631000105A258494F818C084F800C06770678B01
:106320004FEA172C84F802C0E770A78B4FEA172CAE
:1063300084F804C06771E78B4FEA172C84F806C015
:10634000E7711F0A27726372130AA372E2720A0AC4
:1063500022736173010AA173E073300A20746674BA
:10636000A08D010AA174E074280A207565750121C9
:106370001620FAF7D7FDA07594F82E00E075BDEC55
:10638000068BBDE8F0810000720600204501002068
:106390001C5A0020305A0020445A0020585A00202D
:1063A000880100208401002000007A4400000000E1
:1063B00000000840000000000000E03F0000000076
:1063C00000408F408C0100200A02002004020020BF
:1063D000440100201800002010B504460420FDF7F9
:1063E00003F80A484FF47A71047014FB01F101229A
:1063F00042804FF0E020026942F0020202614161F6
:10640000016941F00101016110BD0000B4000020EC
:1064100070B5044602F078FB01280CD0094D68885D
:10642000844203D3B4FBF0F001F092FD6888B4FB22
:10643000F0F100FB11444FF47A706043BDE8704006
:1064400000F002B8B400002070B54FF0E025002144
:106450006C69094AAB6912785043AA699A42FCD028
:1064600002D2A3EB020302E0A4EB02063344194478
:1064700013468142F1D370BDB400002082B0CDE953
:10648000000121F0004001909DED000B02B051ECA5
:10649000100B7047B5EEC00AF1EE10FA01DAB1EE5A
:1064A000400A704704490A885206FCD5024AC1B224
:1064B000121D1180704700000044004010B502F02A
:1064C00023FB012803D0BDE8104002F02BBB01489C
:1064D000406810BDB4000020054C064DD4F8B00251
:1064E000C043C4F8B002286801F032FDF6E70000AE
:1064F00000004042340000201CB501F091FA074929
:106500000120CDE900010202002305A1074802F0A5
:10651000CFFA01F0D3FE00201CBD000000000020D7
:1065200073746172745F7461736B00003179000879
:106530000346012000E05843491EC9B2FBD2704710
:106540002DE9F0434FF4AD702DED028B81B0FE4C80
:106550000A2120600920FBF7EDFA216890FBF1F099
:10656000052800DD0520F94991ED000ADFEDF80A64
:10657000DFF8E093F84920EE200ABDEEC00A89ED6D
:10658000050AD9F81020521CC9F810200968002902
:1065900077D106280BD2DFE800F003051A1C1E2075
:1065A000EEA200E0EFA200210846FCF727F9EF4F2A
:1065B000EF4E0C24387890B1012810D002282DD04D
:1065C00003282BD0042829D0052827D04CE3E9A2A2
:1065D000E9E7EAA2E7E7EBA2E5E7ECA2E3E7EDA251
:1065E00000213720FCF70AF9B6F90400002809DA7F
:1065F000E9A200215020FCF701F90094B6F904004B
:10660000424207E0E5A200215020FCF7F7F8009491
:10661000B6F90420052300215A201EE0E0A2002143
:106620003720FCF7EBF8E04DB5F90400002809DA53
:10663000D9A200215A20FCF7E1F80094B5F9040032
:10664000424207E0D5A200215A20FCF7D7F8009477
:10665000B5F90420032300216420FCF793F838786F
:106660009FEDD28ADFEDD28AD24D58B1012809D0F0
:10667000042807D0022850D003284ED005284CD03B
:10668000F2E252E3CCA20A210020FCF7B7F895ED24
:10669000020AB5EEC00AF1EE10FA0AD2BEA20A2131
:1066A0000F20FCF7ABF8009495ED020A20EE080AE3
:1066B00009E0BAA20A210F20FCF7A0F8009495ED9A
:1066C000020A20EE280A05230A211420BCEEC00A83
:1066D00010EE102AFCF756F895ED000AB5EEC00A48
:1066E000F1EE10FA0AD2ACA20A213C20FCF786F89F
:1066F000009495ED000A20EE080A09E0A7A20A21FD
:106700003C20FCF77BF8009495ED000A20EE280A67
:10671000BCEEC00A10EE102A1AE0A8A20A2100203E
:10672000FCF76CF8B6F90400002809DA9AA20A21ED
:106730003C20FCF763F80094B6F90400424207E0FD
:1067400096A20A213C20FCF759F80094B6F90420DF
:1067500005230A214B20FCF715F83878994EB846E6
:1067600050B1012808D0042806D002287DD0032883
:106770007BD0052879D077E293A214210020FCF782
:106780003DF896ED020AB5EEC00AF1EE10FA0AD213
:1067900081A214210F20FCF731F8009496ED020A33
:1067A00020EE080A09E07DA214210F20FCF726F84C
:1067B000009496ED020A20EE280A142105230846CB
:1067C000BCEEC00A10EE102AFBF7DCFF96ED000AC3
:1067D000B5EEC00AF1EE10FA0AD26FA214213C20E5
:1067E000FCF70CF8009496ED000A20EE080A09E088
:1067F0006AA214213C20FCF701F8009496ED000AEF
:1068000020EE280A052314214B20BCEEC00A10EE0E
:10681000102AFBF7B7FF6DA21E210020FBF7EEFF49
:106820006B4F97ED020AB5EEC00AF1EE10FA0AD2EC
:1068300059A21E210F20FBF7E1FF009497ED020AF9
:1068400020EE080A09E055A21E210F20FBF7D6FF13
:10685000009497ED020A20EE280A05231E21142039
:10686000BCEEC00A10EE102A00E01AE0FBF78AFF27
:1068700097ED000AB5EEC00AF1EE10FA08D246A272
:106880001E213C20FBF7BAFF009497ED000ADEE0E2
:1068900042A21E213C20FBF7B1FF009497ED000AB5
:1068A000E1E04CA214210020FBF7A8FF95ED020ABD
:1068B000B5EEC00AF1EE10FA0AD237A214210F2069
:1068C000FBF79CFF009495ED020A20EE080A09E010
:1068D00032A214210F20FBF791FF009495ED020ADC
:1068E00020EE280A142105230846BCEEC00A10EE4B
:1068F000102AFBF747FF95ED000AB5EEC00AF1EE4E
:1069000010FA0AD224A214213C20FBF777FF00944E
:1069100095ED000A20EE080A09E020A214213C208F
:10692000FBF76CFF009495ED000A20EE280A052382
:1069300014214B20BCEEC00A10EE102AFBF722FFF8
:106940001E2125A2002049E0680100201800002037
:106950000000C842E80100205C0100204D65632072
:10696000000000004F6D6E6900000000450100202E
:1069700004020020416B6D2000000000446966663F
:1069800000000000345744200000000054616E6B8A
:1069900000000000475A00002D0000002B000000FE
:1069A00042494153000000001002002000007AC458
:1069B00000007A441C5A0020410000004759524F01
:1069C0005F5A3A00305A00204200000043000000A5
:1069D000445A00204C3A0000523A0000FBF70EFFE8
:1069E00096ED020AB5EEC00AF1EE10FA0BD2AFF244
:1069F00058021E210F20FBF701FF009496ED020ABA
:106A000020EE080A0AE0AFF26C021E210F20FBF70D
:106A1000F5FE009496ED020A20EE280A05231E21B9
:106A20001420BCEEC00A10EE102AFBF7ABFE96ED68
:106A3000000AB5EEC00AF1EE10FA0BD2AFF2A802CE
:106A40001E213C20FBF7DAFE009496ED000A20EEB2
:106A5000080A0AE0AFF2BC021E213C20FBF7CEFE82
:106A6000009496ED000A20EE280A05231E214B20F3
:106A7000BCEEC00A10EE102AFBF784FE98F8000066
:106A800050B1042808D0012859D0022878D0032812
:106A900075D0052873D0E7E0A8A228210020FBF7D5
:106AA000ADFEA74D95ED020AB5EEC00AF1EE10FA63
:106AB0000BD2AFF21C1228210F20FBF79FFE00948F
:106AC00095ED020A20EE080A0AE0AFF23012282102
:106AD0000F20FBF793FE009495ED020A20EE280AA2
:106AE000052328211420BCEEC00A10EE102AFBF763
:106AF00049FE95ED000AB5EEC00AF1EE10FA0BD290
:106B0000AFF26C1228213C20FBF778FE009495ED43
:106B1000000A20EE080A0AE0AFF2801228213C2089
:106B2000FBF76CFE009495ED000A20EE280ABCEEFF
:106B3000C00A10EE102A052328214B2092E081A2E2
:106B400028210020FBF75AFE804DB5F91A000028D5
:106B50000ADAAFF2BC1228213C20FBF74FFE00946A
:106B6000B5F91A004242E6E7AFF2D01228213C20E4
:106B7000FBF744FE0094B5F91A20DCE700E01FE0C3
:106B800073A228210020FBF739FE734D28680028E6
:106B90000ADAAFF2FC1228213C20FBF72FFE00940A
:106BA00028680423424208E0AFF2102228213C204A
:106BB000FBF724FE00942A6804232821502051E08A
:106BC00066A228210020FBF719FE95ED010AB5EE1B
:106BD000C00AF1EE10FA0BD2AFF2442228211420A1
:106BE000FBF70CFE009495ED010AB1EE400A08E0B7
:106BF000AFF2582228211420FBF700FE009495EDF7
:106C0000010A04232821BCEEC00A1E2010EE102A1F
:106C1000FBF7B8FD52A228213C20FBF7EFFD96EDD3
:106C2000010AB5EEC00AF1EE10FA0BD2AFF29822CB
:106C300028215020FBF7E2FD009496ED010AB1EE09
:106C4000400A08E0AFF2AC2228215020FBF7D6FD25
:106C5000009496ED010A04232821BCEEC00A5A20B4
:106C600010EE102AFBF78EFD3E480078012813D065
:106C70003D480078012811D03C48007801280FD009
:106C80003B48007801280DD03A483B490078097804
:106C9000084309D039A208E03AA206E03BA204E08A
:106CA0003CA202E03DA200E03EA232210020FBF720
:106CB000A5FD3E48D0F80C02012802D13C480078DE
:106CC000D0B33CA232212D20FBF798FDD9F8140057
:106CD000642590FBF5F24E46022332214B200094AE
:106CE000FBF750FD34A232215820FBF787FD706975
:106CF000022390FBF5F105FB110232216220009482
:106D0000FBF740FD2DA232216E20FBF777FD706965
:106D100090FBF5F105FB11000A2806DA0223002298
:106D200032215C200094FBF72DFD01B0BDEC028BFD
:106D3000BDE8F043FBF7C0BC21A2C3E7440000005C
:106D4000585A00204D4F56455F5A000072060020E9
:106D5000534552564F3A00006C0100204D4100004F
:106D60004D42000054010020550100205601002032
:106D700057010020900100209101002055534152FD
:106D80005400000050533220200000004150502099
:106D900020000000522D43202000000043414E20DF
:106DA00020000000524F532020000000008041428C
:106DB000440100204F4646002E000000560000000F
:106DC0004F204E002DE9F041184E0F460446F5685D
:106DD0003068001D00F032FF38B9306890F82C1090
:106DE00001208840316981433161601C07D137B18E
:106DF0003168BDE8F0410E48091D00F057BF30680A
:106E00002C44AC424460316805D2B06BBDE8F0411F
:106E1000091D00F033BF706B091D00F02FFFB06A31
:106E2000844200D2B462BDE8F0810000D0000020AE
:106E3000D40900202DE9F041054600F043FF2D4E16
:106E4000B068401CB06030682B4F10B1706930B32F
:106E50002BE03560B068012827D1002404EB8400C2
:106E600007EB800000F0FCFE641C202CF6D32348C6
:106E700000F0F6FE2148143000F0F2FE1F482830E2
:106E800000F0EEFE1D483C3000F0EAFE1B4850309A
:106E900000F0E6FE194870631430B06305E0306816
:106EA000E96AC06A884200D83560706A0121401CD6
:106EB00070626864E86A326981401143316100EBB5
:106EC000800007EB8000291D00F0F0FE00F036FF87
:106ED000706900280CD03068E96AC06A884207D21D
:106EE00007494FF080500860BFF34F8FBFF36F8F9B
:106EF000BDE8F081D00000200407002084090020B4
:106F000004ED00E010B500F0DDFE0E4C2068A0B9E5
:106F10000D4800F0A5FE0C48143000F0A1FE0A4810
:106F2000E0601430206100221021052001F0F6FA03
:106F3000206010B105A100F0D7FFBDE8104000F0BF
:106F4000FDBE00000C010020E8090020546D7251C4
:106F50000000000070B5124E124D1CE001F0F8F96F
:106F6000306820B1002401F0FDFEA4B901E0012445
:106F7000F9E700F0A7FEF068C468201D00F05EFE8F
:106F8000A868401EA8606868401E686000F0D6FED1
:106F9000204600F052F868680028DFD170BD00007C
:106FA000C0090020D000002030B4026C0B46002A3B
:106FB0000BD0C1681144C1604468A14201D301688B
:106FC000C16030BC1846F9F77BBA30BC70472DE978
:106FD000F041856B174604460026026C82B1C7B1AA
:106FE000E068F9F76DFAE168206C091AE16022683F
:106FF000914202D26168081AE060022F16D017E0B1
:107000002068A8B9606801F007FE064600206060AD
:107010000EE0A068F9F754FA216CA0680844A0605B
:107020006168884204D32068A06001E005B16D1E4C
:107030006D1CA5633046BDE8F08110B50446006BB9
:1070400000F0AEFE2046BDE8104000F0A9BE0000F2
:1070500010484FF4A041420706D0C01D0D4920F052
:107060000700411AC1F5A0410B4A00230144C2E9BF
:1070700000030839103A21F0070111604B600B60E2
:107080000B1AC0E9001393604FF000405360D060CA
:1070900070470000100A00203C010020074E4FF00E
:1070A0008054074DFFF756FF30680128FAD92C604D
:1070B000BFF34F8FBFF36F8FF4E70000040700208A
:1070C00004ED00E02DE9F047DDE909840E4617469E
:1070D000824691009946089DA522206BF9F735FA62
:1070E0006FF00301206B01EB8701084420F00707D4
:1070F000780705D040F22B3219A11EA0F9F73AF912
:1071000000202218315C82F83410315C11B1401C2F
:107110001028F6D3002684F84360202D00D31F25C5
:10712000E562C4E91356201D00F0A5FD04F1180026
:1071300000F0A1FD2461C5F120006462A0616665D4
:1071400084F858604A465146384600F00FFB2060EC
:10715000B8F1000F01D0C8F80040BDE8F08700008A
:107160002E2E5C4672656552544F535C7461736B8E
:10717000732E63004572726F723A25732C25640D6D
:107180000A00000030B5114900E011460A68824249
:10719000FBD34B685C18844203D1406818444860B4
:1071A000084643681C18944209D1084C103C2468D6
:1071B000A24209D052681A4442600A68126802600A
:1071C000814200D0086030BD0460F9E73C01002036
:1071D00070B5002441600B4D0061914206D8D11A70
:1071E0008269914206D2011D286907E09A4203D2C2
:1071F000994201D3012403E0011DE86800F03EFD3F
:10720000204670BD0C01002010B5044600F05AFD68
:10721000A06B20B1002400F091FD204610BD012498
:10722000F9E700002DE9F34100980F460026846C31
:107230002CB940F6CE1216A11AA0F9F79BF8A06B54
:10724000E16B884205D340F6CF1211A115A0F9F7E2
:1072500091F8A06BE16B88420CD294F945503A4604
:1072600069462046FFF7B3FE0646681C05D06D1C34
:1072700084F845503046BDE8FC81606A0028F9D0AA
:1072800004F1240001F022FD0028F3D00126F1E7EB
:107290002E2E5C4672656552544F535C7175657550
:1072A000652E63004572726F723A25732C25640D4A
:1072B0000A000000F8B5054614480E46C068C068CC
:1072C000C468201D00F0BAFCE069012817D1A0694C
:1072D0002B46411932462046FFF77AFF78B100204D
:1072E0000346014600902A46204601F021FE30B9AF
:1072F00007494FF4027201F11800F9F73BF8616A8F
:1073000001B02046BDE8F040084700000C01002015
:10731000948E000870B586B02F4E53E00198002877
:1073200006DADDE90301029A90470198002849DB5B
:10733000039C606910B1201D00F080FC05A800F0DE
:10734000A7F8054601980A283CD2DFE800F00505B9
:10735000053B273805053B270298A16903460144F0
:107360002A462046FFF734FF00282BD0616A2046CA
:107370008847E069012825D1002000900298A16982
:10738000002342181946204601F0D2FDD0B940F240
:10739000213212A117A0F8F7EDFF13E00298A061C7
:1073A00028B94FF44E720DA112A0F8F7E3FFA069BF
:1073B0002B4641191A462046FFF70AFF02E02046F5
:1073C00000F0EEFC00231A4601A9306801F0E2F853
:1073D0000028A3D106B070BD0C0100202E2E5C4603
:1073E00072656552544F535C74696D6572732E6398
:1073F000000000004572726F723A25732C25640DEF
:107400000A000000F8B50D46064600F0A1FF6846E8
:1074100000F03EF80446009810B101F0A3FCF8BD5E
:107420001148ADB101690968D9B10025311B2A465F
:10743000006800F06BFD01F095FC0028EFD10B49CE
:107440004FF080500860BFF34F8FBFF36F8FF8BDD0
:10745000A642EBD801F086FC21463046FFF72AFF12
:10746000F8BD0125E2E700000C01002004ED00E07A
:107470000648416B096829B1416BC968C968496808
:10748000816270474FF0FF31FAE70000D000002022
:1074900070B5054601F046FB064E0446B0688442CE
:1074A00003D200F009F8012000E000202860204607
:1074B000B46070BD0C010020F8B5184E26E0C0681D
:1074C000C4680568201D00F0B9FB616A2046884742
:1074D000E06901281AD1A0692844A84206D924618C
:1074E0006060211DF06800F0C9FB0FE0002003463A
:1074F000014600902A46204601F01AFD30B908499D
:1075000040F2923201F11800F8F734FFF068016898
:107510000029D4D13169C6E90310F8BD0C0100205F
:10752000948E000808484068401C05D040F20F12B5
:1075300006A111A0F8F71EFF502080F31188BFF3B9
:107540004F8FBFF36F8FFEE7200100202E2E5C4689
:1075500072656552544F535C706F727461626C65F2
:107560005C525644535C41524D5F434D34465C700F
:107570006F72742E630000004572726F723A257349
:107580002C25640D0A000000084CE068016839B140
:10759000002139B10020FFF735FFFFF7BBFEF4E70C
:1075A0000121F6E7C0680068F5E700000C01002043
:1075B0002DE9F041044600F085FB94F9455004F1B3
:1075C000240610E0A06C20B100212046FFF72AFE1F
:1075D00004E0606A48B1304601F078FB08B100F081
:1075E000A9FD6D1E6DB2002DECDC4FF0FF3684F866
:1075F000456000F0A3FB00F065FB94F9445004F1F2
:10760000100709E0206948B1384601F05FFB08B176
:1076100000F090FD6D1E6DB2002DF3DC84F8446027
:10762000BDE8F04100F08ABB08B5FEF747FF0090C7
:107630000A21684600F0C2FCFBF790F9F8E7000069
:107640002DE9F0410546002600F082FE324F3868F1
:1076500008B9FFF7FDFCF86805424FD1002D4DD069
:10766000083568070BD005F00700C0F10800054495
:10767000680704D0BF2229A132A0F8F77BFE002DB5
:107680003CD07868854239D82349103108460468CF
:1076900001E0214604466068A84202D22068002822
:1076A000F7D13868B846844228D00E682068086050
:1076B00060680836401B10280ED96719780704D077
:1076C000EC2216A11FA0F8F755FE6068401B7860F9
:1076D00038466560FFF756FD6168D8F804004246F9
:1076E000401AC8F80400D8F80830984200D29060D8
:1076F000D8F80C0001430020C4E9000101F032FB7E
:10770000700705D04FF4967204A10EA0F8F732FE70
:107710003046BDE8F08100002C0100202E2E5C4692
:1077200072656552544F535C706F727461626C6520
:107730005C4D656D4D616E675C686561705F342E90
:10774000630000004572726F723A25732C25640D38
:107750000A0000000449086818B10868026D521C4C
:107760000265086870470000D000002010B5031FB4
:107770004FF080741C601B1F21F001011960191F5C
:10778000044B0B6014390A60091F6FF00202443881
:107790000A6010BD2575000808B5FEF78FFE3F4E44
:1077A0003F4FDFF800B1404D4FF001094FF00008A6
:1077B0004FF0020A009000246421684600F0FEFBAE
:1077C0003A480068322801DA484603E03338312865
:1077D00002D24046C6F8A002A86801280BD0E8688B
:1077E000012808D06868052809DA401C6860052867
:1077F00005DA484606E04046C5F80480F5E7052866
:1078000002D14046C6F8A002FAF7ACF9D7ED000A5B
:10781000641C0A2C30EE200A87ED000AF4DBF0EE3F
:10782000400AB2EE041A80EE810ADFED210A8BEDE8
:10783000000AC7ED000AA968012901D1C5F808A00E
:10784000E968012901D1C5F80CA010EE101A194AF7
:10785000914204DB9FED180A8BED000A18E010EE50
:10786000100A16490844B0F5002F05D2A86802286E
:1078700002DA401CA8600BE010EE100A0F494942E2
:10788000884205DAA868022802DAE868401CE86045
:10789000F9F752F8FEF754FE8DE700000000404271
:1078A0001C00002018000020E8010020B00100208A
:1078B000000000009A9949419A9949410000E0BEB0
:1078C00000B52DED048B83B041EC190B01F0A0FF46
:1078D00041EC180B18EE100A18EE901A8DED008B83
:1078E000002818BF0120084320F00040C0F17F604D
:1078F00000F1E040C00F14D019EE101A19EE900AF2
:107900008DED009B002918BF0121084320F00040A5
:10791000C0F17F6000F1E040C00F04BF0120F8F724
:1079200047FE51EC180B03B0BDEC048B00BD00000A
:107930002DE9FC4100F0C6F900240425CDE90054EE
:107940004FF40078234642461AA11E4801F0B0F8D1
:107950000326CDE90064AF0100233A461AA11E4870
:1079600001F0A6F8CDE90064002342461BA11E48A1
:1079700001F09EF8CDE90064002380221BA11E487F
:1079800001F096F8CDE9005400233A461BA11E48A9
:1079900001F08EF8CDE90054002342461BA11E4899
:1079A00001F086F81D48006800F05EFBBDE8FC4170
:1079B00000F0C4B942616C616E63655F7461736BA2
:1079C00000000000710B00084D5055363035305F17
:1079D0007461736B000000003923000873686F77CF
:1079E0005F7461736B000000997700086C65645FD9
:1079F0007461736B00000000D96400085053545741
:107A00004F5F7461736B0000297600084441544154
:107A10005F7461736B0000002161000800000020AA
:107A200010B54FF44070FAF771FDA820FEF7D4FCB2
:107A3000FAF794FBF9F79AF9F9F7EEFCFAF7A4FDD7
:107A4000FAF75AFB4FF4165000F042F84FF4E130C9
:107A500000F092F8F9F70CF8F9F74AF8FBF7EEFAAC
:107A6000F9F7F2FCF9F75EFDF9F7BAFDF9F716FE42
:107A700044F29F1400212046FBF7D0FD0021204650
:107A8000FBF7B2FF00212046FBF724FD0021204632
:107A9000FBF770FDFAF7BCF8BDE81040FAF7F7BB4A
:107AA000B4EEE00AF1EE10FA02D2B0EE600A7047CE
:107AB000B4EEC10AF1EE10FAF9DDB0EE410A7047FA
:107AC000884201DA084670479042FCDD1046704754
:107AD000F0B5074687B001210820FBF7D9F801214E
:107AE0004804FBF7E1F8224E072205213046F9F75A
:107AF0006FFE072206213046F9F76AFE60200490E7
:107B000002208DF8140000248DF816408DF8150021
:107B100001258DF8175004A93046F9F71DFE2620DF
:107B20008DF818008DF819508DF81A408DF81B50FB
:107B300006A8FAF7B9FCADF80440ADF80640ADF878
:107B40000840ADF80C400C200A4CADF80A00009734
:107B500069462046FCF7F6FC012240F225512046FA
:107B6000FCF7D7FC01212046FCF7AAFC07B0F0BDCA
:107B7000000C0240004400402DE9F041804688B0EE
:107B800001210820FBF784F801218804FBF78CF819
:107B9000234F072208213846F9F71AFE0722092148
:107BA0003846F9F715FE02258DF8145000244FF4DD
:107BB00040708DF8164004908DF8155001268DF810
:107BC000176004A93846F9F7C7FD27208DF818007B
:107BD0008DF819508DF81A408DF81B6006A8FAF739
:107BE00063FCADF80440ADF80640ADF80840ADF8D0
:107BF0000C400C200B4CADF80A00CDF80080694613
:107C00002046FCF79FFC012240F225512046FCF75C
:107C100080FC01212046FCF753FC08B0BDE8F08150
:107C2000000C02400048004003490880081F0188FA
:107C30004906FCD57047000004480040D0E90132F5
:107C400001699A60D0E901235A604A68824201D1F1
:107C500082684A60002202610868401E086070471E
:107C600000F108014FF0FF32C0E90112C16001616B
:107C700000210160704700210161704730B50C6838
:107C8000621C02D000F1080202E0026904E01A4618
:107C900053681D68A542FAD953684B6099608A60A1
:107CA000516008610168491C016030BD42684A604A
:107CB00093688B6093685960916008610168491C02
:107CC00001607047502080F31188BFF34F8FBFF3DE
:107CD0006F8F09494868401C486001280AD107484D
:107CE000006810F0FF0F05D040F2B91204A10FA0F8
:107CF000F8F740BB704700002001002004ED00E0D1
:107D00002E2E5C4672656552544F535C706F7274D0
:107D100061626C655C525644535C41524D5F434D09
:107D200034465C706F72742E630000004572726F8F
:107D3000723A25732C25640D0A00000010B5084C1A
:107D4000606828B94FF4E07206A111A0F8F712FBA1
:107D50006068401E606001D180F3118810BD000092
:107D6000200100202E2E5C4672656552544F535CF4
:107D7000706F727461626C655C525644535C415220
:107D80004D5F434D34465C706F72742E630000008B
:107D90004572726F723A25732C25640D0A0000003B
:107DA00070B500282AD0164DA0F108046068E96873
:107DB000084205D14FF4A07212A11CA0F8F7DAFA1C
:107DC000206828B140F241120EA118A0F8F7D2FAAB
:107DD0006068E968084211D02268002A0ED1884301
:107DE000606000F0B5FA6068696808446860204621
:107DF000FFF7C8F9BDE8704000F0B4BF70BD0000E7
:107E00002C0100202E2E5C4672656552544F535C47
:107E1000706F727461626C655C4D656D4D616E670B
:107E20005C686561705F342E630000004572726F9C
:107E3000723A25732C25640D0A00000006484FF4A1
:107E40007A710068B0FBF1F14FF0E020491E41610A
:107E500007210161704700000400002010B5F8F709
:107E600063FA104C10280CD300F1E02090F8F003D6
:107E70002178884205D24FF440720BA115A0F8F783
:107E800079FA18480068A16800F4E060884207D9D0
:107E9000BDE810404FF4447203A10EA0F8F76ABA8F
:107EA00010BD0000200100202E2E5C467265655238
:107EB000544F535C706F727461626C655C525644CF
:107EC000535C41524D5F434D34465C706F72742E6B
:107ED000630000004572726F723A25732C25640DA1
:107EE0000A0000000CED00E010B5074B002253F82B
:107EF00032401CB1521C082AF9D310BD43F832108D
:107F000003EBC201486010BDC406002070B51546E1
:107F10000E460446FFF7D6FE94F944100020491C93
:107F200001D184F8440094F94510491C01D184F82A
:107F30004500FFF703FFA06B28B92A46314604F13C
:107F4000240000F027F92046BDE87040FFF730BB61
:107F500010B5040012D00E49096B29B140F2CF428E
:107F60000CA111A0F8F706FA00F0F2F90021204662
:107F7000FEF728FF00F0F6FE002807D10E494FF06B
:107F800080500860BFF34F8FBFF36F8F10BD0000AC
:107F9000D00000202E2E5C4672656552544F535C13
:107FA0007461736B732E63004572726F723A25733E
:107FB0002C25640D0A00000004ED00E02DE9F041DD
:107FC0000E4605004FF0000405D140F279421BA196
:107FD0001FA0F8F7CFF92EB940F27A4217A11CA0E2
:107FE000F8F7C8F91E4F386B28B140F27B4213A155
:107FF00017A0F8F7BFF900F0ABF9FA682868811903
:10800000904202D9884202D804E0884201D89142C5
:1080100000D9012429601CB1881A0021FEF7D2FE84
:1080200000F0A0FE002807D10E494FF080500860F4
:10803000BFF34F8FBFF36F8FBDE8F0812E2E5C46EC
:1080400072656552544F535C7461736B732E630099
:108050004572726F723A25732C25640D0A00000078
:10806000D000002004ED00E070B50446FFF72AFEC2
:10807000234D04B92C68201DFFF7E0FD58B9E06AD4
:10808000204A00EB800152F8211021B901218140E2
:10809000286988432861A06A18B104F11800FFF725
:1080A000CDFD686A401C68622868844207D1211DA2
:1080B0001548FFF7FBFD6868401C686007E0A8688A
:1080C000401EA8602046FEF7B8FFFFF7D1F9FFF782
:1080D00035FE6869002812D0286884420FD1286BC9
:1080E00028B140F2654209A10DA0F8F743F9104903
:1080F0004FF080500860BFF34F8FBFF36F8F70BD9C
:10810000D000002004070020C00900202E2E5C466D
:1081100072656552544F535C7461736B732E6300C8
:108120004572726F723A25732C25640D0A000000A7
:1081300004ED00E001490120C8617047D000002033
:1081400070B50D46040005D140F6063207A10CA01B
:10815000F8F710F90E48016820461831FFF78EFD38
:108160002846BDE870400121FEF72CBE2E2E5C464D
:1081700072656552544F535C7461736B732E630068
:108180004572726F723A25732C25640D0A00000047
:10819000D000002070B514460E46050005D140F60B
:1081A000313209A10DA0F8F7E5F81048016828461A
:1081B0001831FFF77BFD0CB14FF0FF3621463046FA
:1081C000BDE87040FEF7FEBD2E2E5C46726565521E
:1081D000544F535C7461736B732E63004572726FFE
:1081E000723A25732C25640D0A000000D00000208F
:1081F00070B5040039D01D4DE06A2968C96A88420B
:1082000033D2A069002804DB2868C06AC0F12000CE
:10821000A061E06A164E00EB8000616906EB800009
:1082200081421FD1201DFFF709FD012150B9E06AED
:1082300000EB800256F8222022B92A6901FA00F0E8
:1082400082432A612868C06AE0622A69814011433A
:10825000296100EB800006EB8000211DBDE8704025
:10826000FFF724BD2868C06AE06270BDD00000201E
:108270000407002010B5040005D140F6C13205A165
:1082800009A0F8F777F80C48016A2160C0686060BF
:1082900010BD00002E2E5C4672656552544F535C33
:1082A0007461736B732E63004572726F723A25733B
:1082B0002C25640D0A000000D00000201CB51748D2
:1082C0000024CDE900402346822215A1164800F083
:1082D000EFFB012803D100F0F1FD01280AD0401C7A
:1082E0001BD102B040F28472BDE810400FA114A06F
:1082F000F8F740B8502080F31188BFF34F8FBFF3D9
:108300006F8F06484FF0FF312C38816201214161A7
:10831000C460BDE81C4000F061B81CBDFC0000203A
:1083200049444C45000000009D7000082E2E5C461C
:1083300072656552544F535C7461736B732E6300A6
:108340004572726F723A25732C25640D0A00000085
:108350000248016B491C016370470000D0000020F7
:1083600070B5134D286B10B10120E86170BD00207D
:10837000E86128690F4EB0FA80F0C0F11F0000EBF1
:10838000800456F8240028B940F6F6220AA10FA06E
:10839000F7F7F0FF06EB840000F108024168496836
:1083A0004160914201D149684160C868286070BD50
:1083B000D0000020040700202E2E5C467265655216
:1083C000544F535C7461736B732E63004572726F0C
:1083D000723A25732C25640D0A0000001CB5304C40
:1083E00020683049884205D140F259122EA139A0A7
:1083F000F7F7C0FF20682B49491E884205D14FF48A
:10840000AD7229A133A0F7F7B5FF364C2078019063
:10841000FF20207020788DF800009DF800009DF866
:10842000001000F0F000884205D040F273121EA147
:1084300028A0F7F79FFF9DF800002B4A00F050009E
:1084400010700720906007E09068401E90609DF8D3
:10845000000040008DF800009DF800000006F3D4F5
:10846000107A000200F4E0609060019820700C48DF
:108470002030016841F470010160016841F07041F1
:108480000160FFF7DBFC00205060F7F715FF17488D
:10849000016841F040410160F7F7FEFE00201CBD7D
:1084A00000ED00E071C20F412E2E5C4672656552F0
:1084B000544F535C706F727461626C655C525644C9
:1084C000535C41524D5F434D34465C706F72742E65
:1084D000630000004572726F723A25732C25640D9B
:1084E0000A00000000E400E02001002034EF00E07A
:1084F00010B5502080F31188BFF34F8FBFF36F8FFB
:1085000000F016FB18B104494FF0805008600020BD
:1085100080F3118810BD000004ED00E02DE9F0416A
:1085200017460E46050005D14FF4C47210A115A0E0
:10853000F7F720FFBEB105FB06F05430FFF780F8D7
:1085400004000ED004F154007EB12060C4E90F563F
:108550002046012100F0E0F884F850700021204608
:10856000A164BDE8F0810020E7E72460EEE70000A9
:108570002E2E5C4672656552544F535C717565755D
:10858000652E63004572726F723A25732C25640D57
:108590000A0000002DE9FF4F83B09B468A46040085
:1085A0004FF0000605D140F2DC4251A155A0F7F78B
:1085B000E1FEBAF1000F07D1206C28B140F2DD4294
:1085C0004BA150A0F7F7D6FE00F09EFA38B90598F7
:1085D00028B14FF49C6246A14AA0F7F7CBFE4FF0BA
:1085E00000094FF08057DFF82C81FFF76BFBA56B7C
:1085F00045B351462046E668FEF7D6FCBBF1000FB6
:1086000013D0E660606A50B104F1240000F05EFB14
:1086100028B1C8F80070BFF34F8FBFF36F8FFFF71B
:108620008DFB012007B0BDE8F08F6D1EA5632068AB
:1086300010B9FFF78FF8606020690028EFD004F1CF
:108640001000E3E7059808B11EB106E0FFF776FBDE
:1086500027E06846FFF70EFE0126FFF76FFBFFF7E6
:1086600077FEFFF72FFB94F94400401C01D184F8FA
:10867000449094F94500401C01D184F84590FFF7DF
:108680005DFB05A9684600F0CFF9002820460AD016
:10869000FEF78EFF00F066FB2046FEF7B5FD0028D2
:1086A000A3D00020BEE7FEF7AFFDD8B1206830B9F7
:1086B000FFF708FB6068FFF79BFDFFF73FFB04F146
:1086C00024000599FFF73CFD2046FEF771FF00F0FE
:1086D00049FB002889D1C8F80070BFF34F8FBFF362
:1086E0006F8F82E72046FEF763FF00F03BFB7CE7DD
:1086F0002E2E5C4672656552544F535C71756575DC
:10870000652E63004572726F723A25732C25640DD5
:108710000A00000004ED00E070B50D46040005D12C
:1087200040F21B121CA121A0F7F724FEFFF7CAFAA2
:10873000D4E90F20216802FB001161600021A163D0
:108740002168A1600A46D4E90F01401E00FB012107
:10875000E16021464FF0FF3001F8440F487004F10A
:1087600010004DB1FFF77CFA04F12400FFF778FA0E
:10877000FFF7E4FA012070BD21690029F8D000F06C
:10878000A5FA0028F4D00D494FF080500860BFF3DF
:108790004F8FBFF36F8FEBE72E2E5C4672656552ED
:1087A000544F535C71756575652E63004572726F29
:1087B000723A25732C25640D0A00000004ED00E0D8
:1087C0002DE9FF4F83B099468B4604004FF0000619
:1087D00005D140F2D92252A156A0F7F7CBFDBBF14B
:1087E000000F07D1206C28B140F2DA224CA151A031
:1087F000F7F7C0FDB9F1020F08D1E06B012805D0F1
:1088000040F2DB2246A14BA0F7F7B4FD00F07CF963
:1088100038B9059828B140F2DE2241A145A0F7F70A
:10882000A9FD4FF0000A4FF08057DFF81881FFF7DD
:1088300049FAA06BE16B884206D3B9F1020F03D06D
:10884000059800B316B325E04A4659462046FEF780
:10885000BEFBA16C21B149462046FEF7E3FC05E0D2
:10886000616A19B104F1240000F030FA28B1C8F8A7
:108870000070BFF34F8FBFF36F8FFFF75FFA0120D8
:1088800007B0BDE8F08FFFF759FA21E06846FFF71F
:10889000F1FC0126FFF752FAFFF75AFDFFF712FA33
:1088A00094F94400401C01D184F844A094F9450097
:1088B000401C01D184F845A0FFF740FA05A968469D
:1088C00000F0B2F830B12046FEF772FE00F04AFA2E
:1088D0000020D5E7FFF7F6F9A06BE16B884201D1E4
:1088E000012500E00025FFF729FA95B104F11000F9
:1088F0000599FFF725FC2046FEF75AFE00F032FAF4
:10890000002894D1C8F80070BFF34F8FBFF36F8F6A
:108910008DE72046FEF74CFE00F024FA87E70000C2
:108920002E2E5C4672656552544F535C71756575A9
:10893000652E63004572726F723A25732C25640DA3
:108940000A00000004ED00E02DE9F04798461546C6
:108950008946040005D140F29F322AA12EA0F7F7E4
:1089600009FDB9F1000F07D1206C28B14FF46872EE
:1089700024A129A0F7F7FEFCB8F1020F08D1E06BA3
:10898000012805D040F2A1321EA123A0F7F7F2FC86
:10899000FFF764FA5020EFF3118780F31188BFF3DB
:1089A0004F8FBFF36F8FA06BE16B884207D3B8F195
:1089B000020F04D0002087F31188BDE8F08794F9F6
:1089C0004560424649462046FEF701FB701C04D034
:1089D000761C84F845600120EDE7A06C012620B1EB
:1089E00041462046FEF71EFC06E0606A0028F2D0F1
:1089F00004F1240000F06AF90028ECD0002DEAD040
:108A00002E60E8E72E2E5C4672656552544F535C2B
:108A100071756575652E63004572726F723A2573C4
:108A20002C25640D0A00000070B50D46040005D128
:108A300040F6CB3214A119A0F7F79CFC2DB940F6F3
:108A4000CC3211A115A0F7F795FCFFF73BF9174AB7
:108A5000D06829684B1C0FD02368126A934202D059
:108A6000626882420AD96268801A884206D2081A6D
:108A700028602046FFF7FEFB002400E00124FFF7FA
:108A80005DF9204670BD00002E2E5C467265655271
:108A9000544F535C7461736B732E63004572726F35
:108AA000723A25732C25640D0A000000D0000020C6
:108AB0002DE9FF5F8346DDE90E87994616468A4613
:108AC0009000FEF7BDFD05001AD05C20FEF7B8FD52
:108AD000040012D025630021CDE90241CDE90087D1
:108AE0004B46324651465846FEF7ECFA2046FEF712
:108AF000A1F9012004B0BDE8F09F2846FFF750F926
:108B00004FF0FF30F6E700000548416919B1006BEE
:108B100018B1002070470120704702207047000004
:108B2000D00000200148C06870470000D00000203D
:108B30002DE9F0412D4F0026386B40B1B869401C3B
:108B4000B861F86900B101263046BDE8F081FD68E2
:108B50006D1CFD6011D1786B006828B140F6D91208
:108B600023A128A0F7F706FC786BB96B7963B8638B
:108B7000386A401C3862FEF77BFCB86ADFF89480E4
:108B8000854209D3786B006880B1786BC068C4688F
:108B9000606885420DD2B8623868C06A00EB800117
:108BA00058F821000128CCD90126CAE74FF0FF3040
:108BB000F1E7201DFFF742F8A06A18B104F1180090
:108BC000FFF73CF8E06A01213A69814011433961BD
:108BD00000EB800108EB8100211DFFF767F8E06AD8
:108BE0003968C96A8842CDD30126CBE7D00000207E
:108BF0002E2E5C4672656552544F535C7461736BE4
:108C0000732E63004572726F723A25732C25640DC2
:108C10000A0000000407002070B504004FF00006B1
:108C20003CD01F4D2868844205D040F6C7621DA184
:108C300021A0F7F79FFB206D28B940F6C96219A162
:108C40001DA0F7F797FB206D401E2065E26CE16ADE
:108C5000914223D010BB201DFEF7F0FF1A490122DC
:108C600050B9E06A00EB800351F8233023B92B6937
:108C700002FA00F083432B61E06CE062C0F1200057
:108C8000A061E06A2B6982401A432A6100EB8000F0
:108C900001EB8000211DFFF709F80126304670BD69
:108CA000D00000202E2E5C4672656552544F535CF6
:108CB0007461736B732E63004572726F723A257321
:108CC0002C25640D0A000000040700202DE9F04166
:108CD000C068C4682CB940F6613216A11AA0F7F733
:108CE00049FB04F118000746FEF7A8FF1A4D286B50
:108CF000012660B139461948FEF7D8FFE06A2968B5
:108D0000C96A884213D90120EE61BDE8F081201DB7
:108D1000FEF794FFE06A2A6906FA00F1114329611F
:108D20000F4900EB800001EB8000211DE4E70020EB
:108D3000EBE700002E2E5C4672656552544F535C83
:108D40007461736B732E63004572726F723A257390
:108D50002C25640D0A000000D0000020AC09002082
:108D6000040700202DE9F0472B4D00242746286BEF
:108D700028B94FF4FD6229A12DA0F7F7FBFAFEF701
:108D8000A1FF286B401E2863286BE8BBA8682C490C
:108D90000126C8B3A1F52A798846D8F80010E9B1B0
:108DA000D8F80C00C46804F11800FEF747FF201D36
:108DB000FEF744FFE06A2A6906FA00F111432961CF
:108DC00000EB800109EB8100211DFEF76FFFE06AD7
:108DD0002968C96A8842E0D3EE61DEE70CB1FEF78C
:108DE00047FBAC693CB1FFF7A3FE00B1EE61641E26
:108DF000F9D10020A861E86930B11249012738078C
:108E00000860BFF34F8F00E001E0BFF36F8FFEF704
:108E100095FF3846BDE8F087D00000202E2E5C4636
:108E200072656552544F535C7461736B732E6300AB
:108E30004572726F723A25732C25640D0A0000008A
:108E4000AC09002004ED00E02DE9F0470746994603
:108E500016460D462C20DDF820A0FEF7F1FB04009D
:108E600014D0B8464F46D1462DB94FF4C67209A169
:108E70000EA0F7F77FFAFEF745F804F11801C4F8E1
:108E8000008081E8E002201DFEF7F5FE2046BDE8E7
:108E9000F08700002E2E5C4672656552544F535C7D
:108EA00074696D6572732E63000000004572726F05
:108EB000723A25732C25640D0A0000001CB50024AD
:108EC000FEF720F80C48006868B10B491F20091D07
:108ED000CDE9000100234FF4827208A10948FFF791
:108EE000E7FD040005D140F2331207A10CA0F7F70B
:108EF00041FA20461CBD00000C010020546D722078
:108F000053766300897500082E2E5C4672656552A3
:108F1000544F535C74696D6572732E6300000000DA
:108F20004572726F723A25732C25640D0A00000099
:108F30002DE9FF47DDF830A0994690460D46060022
:108F40004FF0000705D14FF4D37212A117A0F7F725
:108F500011FA1A4C206880B1CDE900580296062D0E
:108F600011DAFFF7D1FD02284FF0000309D00022EB
:108F700069462068FFF724FC074604B03846BDE880
:108F8000F0875246F4E700234A466946FFF7DCFCC7
:108F9000F2E700002E2E5C4672656552544F535C1A
:108FA00074696D6572732E63000000004572726F04
:108FB000723A25732C25640D0A0000000C01002074
:108FC00081F00041704780F00040704721F000417F
:108FD000704720F00040704721F00042A2F160523B
:108FE000B2F5801F01F0004328BFD2F17F6C0BD98E
:108FF0005FEA001C43EAC20242EB507018BF7047A0
:1090000028BF20F001007047B2F5801FBCBF184692
:1090100070474FEA410C1CF5001F02D2084600F0D1
:1090200023BE70B500F05EFB00000089FFF7F6BFBD
:109030004FF00040A0F580007047000010B591EAA5
:10904000030F48BF83F0004300F1B684841A71EB2C
:10905000030C05D2121943EB0C03001B61EB0C014E
:10906000DFF824E14FEA1154A4EB135C1EEA430F2E
:1090700018BF9EEA445F73D023EA0E03DCF1200E92
:1090800021EA045143F4801332D322FA0CFE10EB90
:109090000E0023FA0CFE41EB0E01CCF1200E03FA78
:1090A0000EFE10EB0E0051F10001B1F5801FCCF166
:1090B000200E32D201EB045112FA0EF2BDE810403C
:1090C00058BF7047401C38BF5FEA420218BF704764
:1090D000002814BF20F0010041F100014FEA4103D4
:1090E00013F5001F38BF7047A1F1C04100F048BB25
:1090F000012A43EB0302ACF1200CDCF11F0E32BF5E
:109100004FF0000E23FA0CF310EB030041EB045177
:10911000B4EB115FD0D0A1EB045101F580114908E7
:109120005FEA300001EB04510ED350F1000038BF6C
:1091300012FA0EFE08D1BDE81040C9E7401C38BF46
:109140005FEA4202CAD1C3E7BDE810404FEA4103DB
:1091500013F5001F38BF7047A1F1C04100F010BBEC
:109160009EEA445F08D011EA5E0FBDE8104004BFDC
:1091700001F0004100207047BDE8104070B500F0DC
:10918000B1FA00BF64FBBE3E0000E0FF02494FF0B1
:10919000000000F06EBD00BF0000F87F491058BF0E
:1091A000C1F140415B1058BFC3F140438B42EFF324
:1091B000008070472DE9C04130B4DFF8A0C23CEA1E
:1091C000111418BF3CEA131400F0EC8081EA030587
:1091D0001CEA111444EAD57418BF1CEA131500F0F8
:1091E000C780A4EB05044FF0004545EAC12145EADC
:1091F000C32341EA505143EA525304F17F74994228
:1092000004F500344FEAC0204FEAC22208BF904262
:1092100000F09C804FEA13650FF24016765D4FEA2E
:10922000134506FB05F7C7F1807706FB07F74FEA02
:10923000D737A7FB03687642C8F58038A7FB06CE70
:1092400038BFA8F1010807FB08E64FF0000EA6FBA7
:10925000028CE6FB03CEDCF1000CCEF1004E38BFF1
:10926000AEF1010EA6FB0C584FF000074FF00005C1
:10927000E6FB0E87A1FB08C6A0FB07CE16EB0E0689
:1092800045F10005E1FB076515F1E04E7EBFA4F551
:1092900080345FEA46066D4116F1800745F100050E
:1092A0004FEA17274FEA066647EA0567A6F1DE464A
:1092B000B6F1805F4FEA15251FD9384624F0010C1E
:1092C00005EBC471BCF1FE6F01EB0C1102D8F0BCD0
:1092D000BDE8008124425CBF01F5801E9EEAC47F88
:1092E00002D4F0BCBDE80081244238D4F0BCA1F126
:1092F000C041BDE8004100F043BA4FEAD22242EA41
:1093000043524FEAD323A7FB02864FEAD02040EA1C
:10931000415007FB03661EEA0E0F4FEAD12105FB01
:10932000026658BFA6EB0056B6EB00564FEA520E47
:109330004EEAC37E18EB0E0E56EB530EBDD518EB5E
:1093400002085E417F1C55F10005B6E74FF4801519
:109350004FF000074FF000064FF00008ADE7F0BCFB
:109360004FF0000001F1C04101F00041BDE8008173
:1093700011EA0C1F0CEA131500D00CE013EA0C1FC5
:1093800000F025804FF00000F0BC81EA030101F0FD
:109390000041BDE80081F0BCBDE8004181EA030165
:1093A00000F0EEB9F0BCBDE8004170B500F09AF9EC
:1093B000097EFC3E00F007B881EA03014FF000008F
:1093C00001F00041704781EA030100F0D9B9F0BC17
:1093D000BDE800414FF0000021497047FFFDFBF957
:1093E000F7F5F4F2F0EEEDEBE9E8E6E4E3E1E0DED8
:1093F000DDDBDAD8D7D5D4D3D1D0CFCDCCCBCAC84A
:10940000C7C6C5C4C2C1C0BFBEBDBCBBBAB9B8B770
:10941000B6B5B4B3B2B1B0AFAEADACABAAA9A8A863
:10942000A7A6A5A4A3A3A2A1A09F9F9E9D9C9C9B31
:109430009A999998979796959594939392919190DC
:109440008F8F8E8E8D8C8C8B8B8A8989888887876D
:109450008685858484838382828181800000FF07E2
:109460000000F87F4FEA41034FEA5353A3F58063AE
:10947000D3F11E03C8BFD3F1210C0CDD4FF0004225
:1094800042EAC12242EA505232FA03FC8CEAE17C01
:10949000ACEBE1707047102BC4BF0020704703F5A0
:1094A000787CBCF1FF3F04D06FF0004282EA2100DB
:1094B000704770B500F016F949922480002070477B
:1094C000F2E710F0004248BF4042B0FA80F310FAD1
:1094D00003F10AD0C3F11D0303F580634FEA415045
:1094E00002EB035202EBD12170474FF000007047AE
:1094F000B0FA80F310FA03F10AD0C3F11D0303F5AB
:1095000080634FEA41504FEA035202EBD12170478A
:109510004FF000007047000051EA030C17D41CF50F
:10952000801F58BFBCF5801F00F10680994218BF0C
:10953000704708BF9042704707D711F5801F58BF8A
:1095400013F5801F19D499427047894270471CF562
:10955000801F08D5BCF5801FF7D58B4218BF704718
:1095600008BF824270474FF4001C1CEB410F38BF0C
:109570001CEB430F01D28B42704770B500F0B2F87C
:10958000922449004FF000514FF08053FFF706BE80
:10959000DFF848C170B51CEA111E1EBF1CEA131586
:1095A0009EEA0C0F95EA0C0F00F06F8081EA03042D
:1095B00023EA4C134EEAD47E21EA4C1141F4801187
:1095C00043F48013AE44A1FB024CA0FB0365AEF153
:1095D0007F7E361955EB0C05A1FB034C4CF10003C3
:1095E000A0FB021C16EB0C06654153F10003094277
:1095F00018BF46F0010613F4007F0BD14FEA033188
:109600004FEA0530340341EA155140EA16506FF035
:1096100003020AE04FEAC3214FEAC520F40241EAFF
:10962000555140EA56506FF0020202EB2E4201EB18
:10963000025585EACE710AD05FEA440C18BF24F0C7
:10964000004450F1000041F1000120EAD47040F2E2
:10965000FE7C624500D270BDA84214BF4FF080442A
:109660004FF04044002E08BF0024BEF1806FA8BF19
:10967000A1F1C041BDE8704080F282804FF000004F
:1096800001F1C04101F0004170479EEA0C0F0CEA65
:10969000131518BF95EA0C0F06D04FF0000081EAB1
:1096A000030E0EF0004170BD00F01CF88900013E71
:1096B00000F007B800F009B84FEA430C5FEA5C5CC1
:1096C00008D081EA030100F05BB84FEA410C5FEA81
:1096D0005C5CF6D14FF00000014970470000FF07C5
:1096E0000000F87F0EF1020E2EF0030E5EF8046B00
:1096F000364205D4012A43EB030515F5001F12D8A5
:10970000012841EB010C1CF5001F0CD80ED14FEACB
:10971000D17C15F5001F0CEB4C0C0CF1020C08BFB2
:109720004CEBD37C04E04FF0080C01E04FEAD37C13
:109730000CEB4C0526FA05F606F00706B6F1040C0C
:1097400006D20EEB860CBDE870404CF0010C604771
:10975000DFE80CF0090B02024FF000414FF000006F
:10976000A1F5002170BD19461046012851EB0104F6
:1097700018BFD4F5001484BF002001F0004170BD73
:109780000808A0F500114FEA3101704753EA010CB7
:1097900017D41CF5801F58BFBCF5801F00F1068050
:1097A0008B4218BF704708BF8242704707D713F536
:1097B000801F58BF11F5801F19D48B4270479B4200
:1097C00070471CF5801F08D5BCF5801FF7D599425E
:1097D00018BF704708BF904270474FF4001C1CEB45
:1097E000430F38BF1CEB410F01D2994270470FB4B1
:1097F0000CBC03BCFFF7C1BE91EA030F10B581F0AA
:1098000000413FF523AC83F0004300F0D5B80000E1
:109810002DE9F04101F5801CBCF5001FC0F2A980C4
:109820004FEA115C21EA0C510CF1FD0C41F480115E
:109830005FEA5C0C0CF5C07C01D34000494130A4C8
:10984000890241EA905187028E0E0A0CA45D04FB46
:1098500004F602FB06F6C6F14046A4FB0662F60DCE
:1098600046EA422606FB06F4A4FB01235242C3F15A
:10987000404338BF5B1EA6FB02420024E6FB0324E4
:10988000D20B42EA4446A6FB0623A1FB02E2A3FB5D
:1098900007E4E3FB61426442C2F1404E38BFAEF1DF
:1098A000010EA6FB04234FF00002E6FB0E32A2FBE2
:1098B00003463400E2FB6264A1FB06E6A4FB07E872
:1098C000E4FB61687642C8F1405838BFA8F101084E
:1098D000A2FB06E4A3FB08E5E2FB6854A1FB05E656
:1098E000A7FB04E8E1FB648618F1200556F10006A9
:1098F000A809A8F11B08B10908F03F08B8F10A0F40
:1099000040EA86601CD901EB0C51BDE8F08100BF34
:10991000FCF5EEE8E2DDD8D3CFCBC7C3C0BDB9B606
:10992000B4B1AEACA9A7A5A3A19F9D9B9A9896950B
:109930009392908F8D8C8B89888786858483828192
:10994000A0FB006800FB01F208EB4208B8EB872897
:1099500007D5341858EB0104D5D5401C51F100014E
:10996000D1E7341A78EB0104CDD4401E71F1000127
:10997000C9E75FEA4C0C5FEA9C5C0DD105D34FF060
:10998000000001F00041BDE8F081BDE8F04170B594
:10999000FFF7A8FE6DDBFFBEBDE8F0414FF0000011
:1099A000004970470000F87F10B591EA030F48BFE7
:1099B00083F000433FF54AAB841A71EB030C07D2E6
:1099C00012198CF0004C43EB0C03001B61EB0C01F3
:1099D000DFF8A4E14FEA1154A4EB135C1EEA430F35
:1099E00018BF9EEA445F00F0B08023EA6E03524243
:1099F00021EA0451C3EB6E0338BF5B1EDCF1200E7D
:109A000025D322FA0CFE10EB0E0043FA0CFE41EBBC
:109A10000E01CCF1200E03FA0EFE10EB0E0051F1F8
:109A20000001CCF1200E29D412FA0EF201EB045100
:109A3000BDE8104058BF7047401C1CBFB2F1004F3A
:109A4000704700280CBF491C20F00100704712EB42
:109A5000020E43EB030218BF4FF0010E4EEA420222
:109A6000ACF1200CDCF11E0E54D943FA0CFE10EBC5
:109A70000E0051F1FF31CCF11E0ED5D50EF1010EC5
:109A800012FA0EFE404141EB010101EB445C5FEA3A
:109A90005C5C10D910EBDE7001EB045138BFBEF1F5
:109AA000004FBDE8104018BF704700280CBF491C8C
:109AB00020F00100704730D24FEAD42C11F500118C
:109AC00024F400641BD0B1FA81F20B3AA41AA41E4C
:109AD000D2F12003914030FA03F31943904001EB97
:109AE000CC71002C01EB0451BDE81040A8BF7047B9
:109AF00001F1C0414FF0000001F000417047B0FAA1
:109B000080F310FA03F100D110BDE41A173C4805A8
:109B1000C90AE4E701EB045110BD491001EB0451FF
:109B2000BDE810404FEA300002E04FF000017047FE
:109B30004A0008BF0042F8D0B2F5001F28BF7047A6
:109B400001F000414FF0000070479EEA445F07D0EB
:109B500011EA5E0FBDE8104004BF002100207047ED
:109B6000BDE8104070B5FFF7BDFD00BF40DFF63E19
:109B700083F00041104670470000E0FF43004FEAC9
:109B8000D30C4FEA3C0C43401FBF40070CF160511F
:109B900013F0FE4F70471CF0006F03D100200CF053
:109BA000004170470CF0004343EA507010B540EAA2
:109BB000CC0000F00EF800BF000000924FEA000158
:109BC000FFF7DEBD4FF000414FF00000A1F500218E
:109BD00070470EF1020E2EF0030E5EF8044B244285
:109BE00004D44FEA4102B2F17F4F11D84FEA40034B
:109BF000B3F17F4F0CD80ED14FEAD07CB2F17F4F3A
:109C00000CEB4C0C0CF1020C08BF4CEBD17C04E0CB
:109C10004FF0080C01E04FEAD17C0CEB4C0324FA26
:109C200003F404F00704B4F1040C06D20EEB840C28
:109C3000BDE810404CF0010C6047DFE80CF007086D
:109C400002024FF00040A0F5800010BD084642001F
:109C500018BFD2F1807288BF00F0004010BD4FF0F5
:109C60004070E1EE100A7047FF2141EAD050C00574
:109C700070470CF00F03092B08BF082000F0598033
:109C80000A2B0BD0082B18BF704708BF1CF0400FE1
:109C90000AD04FF000004FF0000170471CF0400F59
:109CA00018BF4FF0004070471CF0100F08D020F094
:109CB000704300F07F4242EAD3014FEA437070479D
:109CC00000F0604021F07F4242EA000201F07F4054
:109CD00040EA727070474FF0FF0C4CF4E06C1CEAE5
:109CE00011531CBF9CEA030C9445C2BFDA4201EB3E
:109CF00002517047002B0DD0BCF1000F0FD0002A8D
:109D000001F00041A4BF41F0E04141F07F614FF01C
:109D10000000704701F000414FF00000704750EA2A
:109D200001334FF09B0C18BF4CF0806C7FF42EAACF
:109D300070471CF4801F11D01CF4E02F03D06FEA91
:109D4000CC31490070474FF04050EFF3008222F0D1
:109D5000704242EA000282F3008870474FF0000030
:109D6000704700000000000000000000000000003C
:109D700000003F40000000000000000030004000F4
:109D800030004000000009000BC03D000BC03D004A
:109D9000090018C024407FE02240318000001800F4
:109DA00024C01B000D803240018003801C402740EE
:109DB0001C80074000401000600000000000000010
:109DC00000000000000000001F8020404020000034
:109DD000402020401F8000000000090006001F8076
:109DE000060009000000040004003F800400040095
:109DF00000000010006000000000000000000400EF
:109E00000400040004000400000000000040000002
:109E1000000000000000002001C0060038004000E3
:109E200000001F802040204020401F8000000000D4
:109E300010403FC000400000000018C021402240F8
:109E400024401840000010802040244024401B8003
:109E5000000002000D0011003FC0014000003C80E6
:109E6000244024402440238000001F8024402440BC
:109E70003440038000003000200027C0380020005C
:109E800000001B802440244024401B8000001C0054
:109E900022C0224022401F80000000000000084035
:109EA000000000000000000000000460000000004E
:109EB0000000000004000A0011002080404009005A
:109EC000090009000900090000000000404020804E
:109ED00011000A000400180020002340240018008C
:109EE00000001F802040274029401F400000004004
:109EF00007C039000F0001C0004020403FC024408F
:109F000024401B8000001F802040204020403080E3
:109F1000000020403FC0204020401F800000204023
:109F20003FC024402E4030C0000020403FC02440AD
:109F30002E00300000000F001080204022403380AF
:109F4000020020403FC0040004003FC020402040E9
:109F500020403FC020402040000000602020202002
:109F60003FC02000200020403FC024400B0030C0F4
:109F7000204020403FC020400040004000C03FC083
:109F80003C0003C03C003FC0000020403FC00C40EC
:109F900023003FC020001F802040204020401F8021
:109FA000000020403FC024402400180000001F8013
:109FB0002140214020E01FA0000020403FC024405D
:109FC000260019C0004018C024402440224031809F
:109FD0000000300020403FC0204030000000200042
:109FE0003F80004000403F80200020003E0001C034
:109FF000070038002000380007C03C0007C03800C8
:10A000000000204039C0060039C020400000200078
:10A01000384007C0384020000000304021C02640B2
:10A02000384020C00000000000007FE040204020B9
:10A030000000000070000C000380004000000000E1
:10A04000402040207FE00000000000002000400091
:10A050002000000000000010001000100010001090
:10A0600000100000000040000000000000000000A0
:10A0700002800540054003C0004020003FC004406E
:10A0800004400380000000000380044004400640B8
:10A09000000000000380044024403FC00040000056
:10A0A00003800540054003400000000004401FC03D
:10A0B000244024402000000002E0055005500650D6
:10A0C000042020403FC00440040003C000400000C2
:10A0D000044027C0004000000000001000100410E1
:10A0E00027E00000000020403FC00140070004C0FE
:10A0F0000440204020403FC000400040000007C016
:10A10000040007C0040003C00000044007C004406E
:10A11000040003C0004000000380044004400380AA
:10A120000000041007F00450044003800000000009
:10A1300003800440045007F00010044007C00240B0
:10A14000040004000000000006400540054004C073
:10A150000000000004001F800440004000000400D4
:10A1600007800040044007C000400400070004C00E
:10A17000018006000400060001C0070001C00600BF
:10A180000000044006C0010006C0044000000410A6
:10A19000071004E00180060004000000044005C030
:10A1A0000640044000000000000004007BE0402066
:10A1B0000000000000000000FFF0000000000000B0
:10A1C00040207BE0040000000000400080004000D0
:10A1D00020002000400000000000000000000000FF
:10A1E0000000000000000000000000001FCC000C78
:10A1F00000000000000000000800300060000800BF
:10A20000300060000000022003FC1E20022003FC3E
:10A210001E200220000000000E1811043FFF1084D1
:10A220000C78000000000F0010840F3800C0077881
:10A2300018840078000000780F8410C411240E9850
:10A2400000E40084000808006800700000000000BE
:10A2500000000000000000000000000007E01818E7
:10A26000200440020000000040022004181807E00B
:10A270000000000000000240024001800FF0018059
:10A280000240024000000080008000800FF8008043
:10A290000080008000000001000D000E00000000A2
:10A2A00000000000000000000080008000800080AE
:10A2B0000080008000800000000C000C0000000006
:10A2C000000000000000000000060018006001808F
:10A2D000060018002000000007F008081004100411
:10A2E000080807F000000000080408041FFC000430
:10A2F00000040000000000000E0C10141024104494
:10A3000011840E0C000000000C181004110411043C
:10A3100012880C700000000000E0032004240824D0
:10A320001FFC0024000000001F9810841104110479
:10A33000108810700000000007F008881104110454
:10A3400018880070000000001C00100010FC1300B2
:10A350001C001000000000000E381144108410840E
:10A3600011440E38000000000700088C104410440F
:10A37000088807F00000000000000000030C030C38
:10A3800000000000000000000000000101060000C5
:10A3900000000000000000000080014002200410C6
:10A3A00008081004000002200220022002200220DF
:10A3B00002200220000000001004080804100220FF
:10A3C00001400080000000000E001200100C106C14
:10A3D00010800F00000003E00C1813E4142417C4CD
:10A3E000082807D000000004003C03C41C400740BC
:10A3F00000E4001C000410041FFC110411041104EB
:10A400000E880070000003E00C1810041004100403
:10A4100010081C10000010041FFC1004100410048D
:10A42000080807F0000010041FFC1104110417C4F1
:10A4300010040818000010041FFC1104110017C0BC
:10A4400010000800000003E00C1810041004104471
:10A450001C780040000010041FFC10840080008065
:10A4600010841FFC10040000100410041FFC1004D2
:10A4700010040000000000030001100110011FFE85
:10A4800010001000000010041FFC1104038014646D
:10A49000181C1004000010041FFC10040004000429
:10A4A0000004000C000010041FFC1F0000FC1F0033
:10A4B0001FFC1004000010041FFC0C04030000E04B
:10A4C00010181FFC100007F00808100410041004F6
:10A4D000080807F0000010041FFC10841080108092
:10A4E00010800F00000007F0081810241024101C22
:10A4F000080A07F2000010041FFC1104110011C02B
:10A5000011300E0C000400000E1C11041084108485
:10A5100010441C3800001800100010041FFC100428
:10A5200010001800000010001FF8100400040004C0
:10A5300010041FF8100010001E0011E0001C007035
:10A5400013801C0010001FC0103C00E01F0000E042
:10A55000103C1FC000001004180C163401C001C0CC
:10A560001634180C100410001C00130400FC130413
:10A570001C00100000000804101C10641084130458
:10A580001C04101800000000000000007FFE4002C4
:10A59000400240020000000030000C000380006018
:10A5A000001C0003000000004002400240027FFE49
:10A5B00000000000000000000000200040004000FB
:10A5C0004000200000000001000100010001000126
:10A5D00000010001000100004000400020000000D8
:10A5E0000000000000000000009801240144014424
:10A5F000014400FC000410001FFC00880104010459
:10A600000088007000000000007000880104010450
:10A6100001040088000000000070008801040104AB
:10A6200011081FFC0004000000F80144014401442B
:10A63000014400C800000000010401040FFC1104E3
:10A64000110411001800000000D601290129012978
:10A6500001C90106000010041FFC00840100010074
:10A66000010400FC000400000104190419FC0004AA
:10A6700000040000000000000003000101011901B6
:10A6800019FE0000000010041FFC0024004001B46B
:10A69000010C010400000000100410041FFC000461
:10A6A000000400000000010401FC0104010001FCA1
:10A6B0000104010000FC010401FC00840100010010
:10A6C000010400FC0004000000F80104010401047E
:10A6D000010400F80000010101FF008501040104EC
:10A6E0000088007000000000007000880104010470
:10A6F000010501FF00010104010401FC00840104C3
:10A70000010001800000000000CC0124012401248C
:10A7100001240198000000000100010007F8010475
:10A72000010400000000010001F80004000400041E
:10A73000010801FC0004010001800170000C001000
:10A7400001600180010001F0010C003001C0003007
:10A75000010C01F0010000000104018C0074017083
:10A76000018C01040000010101810171000E00183B
:10A7700001600180010000000184010C01340144EA
:10A780000184010C00000000000000000000010036
:10A790003EFC400240020000000000000000FFFFFD
:10A7A0000000000000000000400240023EFC0100EA
:10A7B00000000000000000006000800080004000F9
:10A7C000400020002000404281FE00000121D21400
:10A7D0000814E2010000080808FF09041911119784
:10A7E000711111151900000000000000FF000000A9
:10A7F0000080600000004040404040407F404042B8
:10A800004140404040000106F840404040FE40408A
:10A810004241FE00000000007F444444447F444421
:10A8200044447F000000000106F880808080808022
:10A830008080C00000000000001F101090701010F9
:10A8400010101F000000404281FE00000121D214C0
:10A850000814E2010000080808FF09041911119703
:10A860007111111519008080FE848A6418E422A2F7
:10A87000A2FAA2A22200020CF72424012739082AF6
:10A880002AFF2A3E08004080FE0808FC0106F890D6
:10A8900090FC9291FE002021273A2223040817E41D
:10A8A00024272C340700000000FC09120418E000E3
:10A8B000E01804020100020242330000000000FF21
:10A8C0000000000000000001020CF0000000000089
:10A8D000FF0000000000014141417F4141414141F1
:10A8E0007F41414101000244A810688400007F427A
:10A8F0004242427F000008080FF8080F0002071AC2
:10A90000E2020A060300000000FF22222222222285
:10A9100022FF000000000000001F113151911111B1
:10A92000111F0000000020C000FF0082221A827266
:10A93000061AE202020008080BFF090A040A32C2E2
:10A94000320A040202000102040830C00000FC02C6
:10A950000202020E00000002424242437E42434293
:10A960004242020200004241FE8222A4A8B0A07F1F
:10A97000B0A8A4A222000808FF080907F494979041
:10A980009794F4070000800000FF00000000FF1013
:10A990001010101000000001061FE0020CF01F1143
:10A9A000111111101000106080FF806081010202FF
:10A9B000E40830C000002424257FC44400031C00A8
:10A9C000FF0010080600020418E0007F42424242E5
:10A9D00042427F0000000000003F2424242444441D
:10A9E00044C444040400000204F80402FA122202DF
:10A9F0008242A21A0200020242330000FF929293A6
:10AA00009292FE010000003E0202020202FE0202D9
:10AA10000202023F000000003E02020202FF0202A8
:10AA200002023F000000020202FE020202FE0202D7
:10AA3000020202020200004040434040407F414188
:10AA4000414141400000408000FF0282828282FE3C
:10AA5000828282820200101011131C30D010101755
:10AA6000101010101000000000FF222222222222CB
:10AA700022FF000000000000001F11315191111150
:10AA8000111F0000000020C000FF0082221A827205
:10AA9000061AE202020008080BFF090A040A32C281
:10AAA000320A0402020000001A1C0000000000002C
:10AAB0000000000000000000000000000000000096
:10AAC000000000000000106080FF80608101020231
:10AAD000E40830C000002424257FC44400031C0087
:10AAE000FF0010080600020418E0007F42424242C4
:10AAF00042427F0000000000003F242424244444FC
:10AB000044C444040400008181828CF0808080FE73
:10AB10008181818F0000083020242424A46424240F
:10AB20002424202830000106F8000804F8010284DB
:10AB3000681864821F0000001F111111111010FF0E
:10AB4000109050131000101810FF202000FF4242F8
:10AB5000FE4242FF0000131DF1171111000F0808FB
:10AB6000FF08080F00000106F890909090FE90906A
:10AB70009291FE00000004081724E4242427242CCA
:10AB8000340407000000000204F80412224282FA92
:10AB90008242221202000202423300202F2929FFA2
:10ABA00029292F200000020CF1012132AAA4A4A41B
:10ABB000AA320101010000003F2424243FA46424A0
:10ABC0003F2424242000000000FF222222222222EF
:10ABD00022FF000000000000001F113151911111EF
:10ABE000111F0000000020C000FF0082221A8272A4
:10ABF000061AE202020008080BFF090A040A32C220
:10AC0000320A04020200008181828CF0808080FE82
:10AC10008181818F0000083020242424A46424240E
:10AC20002424202830000106F8000804F8010284DA
:10AC3000681864821F0000001F111111111010FF0D
:10AC40001090501310008080FE848800FF92929232
:10AC50009292FF000000020CF724261212FE12123C
:10AC600012FE121202000000FE042921222428F004
:10AC70002824222121000242330000017949494958
:10AC8000494979010000800000FF0000000000C079
:10AC9000300804021F000001061FE0040404FE0542
:10ACA0000888680808004080FE0808FC00101010A2
:10ACB00010121102FC002021273A222300404F41AC
:10ACC00041417F0101000000F810101010FE111129
:10ACD0001111F9010F0000001F11111111FF1111C5
:10ACE00011111F0000000106F80202020202FE021A
:10ACF00002221A02020000007F40414141415F41AF
:10AD0000414141414000000204F804020282021263
:10AD10000AF2020202000202423300101211101065
:10AD200010FF10101000800000FF0000FF02040060
:10AD300082710C021F000001061FE0003F2121214B
:10AD40007F41C14101000000FF000181A29488F40D
:10AD500082828181010001061FE02027242424FF34
:10AD600024242427200000FF48484A49FE00007E92
:10AD7000111121410700103352921252331800FE74
:10AD80001111214107000001020CF0000000000039
:10AD9000FF0000000000014141417F41414141412C
:10ADA0007F4141410100818182828488B0C0B088A6
:10ADB000848282818100000008886808080F0808E2
:10ADC00028C808000000818182828488B0C0B088D1
:10ADD000848282818100000008886808080F0808C2
:10ADE00028C80800000000FF001020408804F80078
:10ADF000000201FE0000001F8044044444455F44FB
:10AE00004444407F00001018122122FC00FE0A1268
:10AE10006282621A0200405F41417F01007F404828
:10AE2000464146584000083CC808281D020C708066
:10AE3000020102FC0000022223222222020808FF53
:10AE40000808080F000044E644484848020204C8C5
:10AE5000302844821F00040C35C60418010909FF7C
:10AE6000099252120200020CF1010202C4281028B9
:10AE700044820201010000003F242427242444448A
:10AE800044C546000000202241FE804141526AC470
:10AE9000444A72414000080808FF080A222AA663B3
:10AEA00022262A2202001018122122FC00FE0A1279
:10AEB0006282621A0200405F41417F01007F404888
:10AEC000464146584000083CC808281D020C7080C6
:10AED000020102FC0000022223222222020808FFB3
:10AEE0000808080F0000202241FE800001F1020C3A
:10AEF000F00804F30000080808FF080900037A4A74
:10AF00004A4A7A030000101810E0202810204080E0
:10AF1000FF0000C03000040404FF040420202021AE
:10AF200027382120200044E644484A1CE0FF90FED8
:10AF300090FC91FF0000040C35C60C003F24A46473
:10AF40002424243C00004080FE0808FC001010105F
:10AF500010121102FC002021273A222300404F4109
:10AF600041417F01010010102F2949498F00804F76
:10AF70004929291F100001017949494979070179B7
:10AF80004D4B49790100202241FE800001F1020C65
:10AF9000F00804F30000080808FF080900037A4AD3
:10AFA0004A4A7A030000101810E020281020408040
:10AFB000FF0000C03000040404FF0404202020210E
:10AFC0002738212020000000F810101010FE111169
:10AFD0001111F9010F0000001F11111111FF1111C2
:10AFE00011111F00000020207E820CF004C8928105
:10AFF000FE8090C8040008064031007F404F4A5A46
:10B000006A4A4A4F400008102040800000FF0000BC
:10B01000008040300000004040404041424F7042BC
:10B02000414040400000106080FF00C106202631F2
:10B030002D2123E806002424257FC544102949C971
:10B040004959690F000001020478040202FE22221D
:10B05000222222020200083022222222A26322227D
:10B0600022222228300020207E80027E42427E4220
:10B070007E42427E02000806403100007F49494975
:10B0800049497F000000020CF1012132AAA4A4A4C6
:10B09000AA320101010000003F2424243FA46424BB
:10B0A0003F2424242000000204F804020282021239
:10B0B0000AF20202020002024233001012111010C2
:10B0C00010FF10101000007F40405E52525252524A
:10B0D0005E40417F0000202020202F29A9692929D6
:10B0E0002F20202020000000F810101010FE111159
:10B0F0001111F9010F0000001F11111111FF1111A1
:10B1000011111F00000020C000FF00C106F8000060
:10B1100000FC02021E0008080BFF0908007F4040E7
:10B12000407F0000000044E644484848020204C84A
:10B13000302844821F00040C35C60418010909FF99
:10B14000099252120200202241FE804141526AC4FB
:10B15000444A72414000080808FF080A222AA663F0
:10B1600022262A2202008080FE848800FF9292928A
:10B170009292FF000000020CF724261212FE121217
:10B1800012FE121202001020C000000201FE000098
:10B1900000000080700000000007000000FF0000B9
:10B1A00000040201000010109090909090FF909089
:10B1B000909090101000001011121418F017101039
:10B1C000101010100000020202FE020202FE020233
:10B1D000020202020200004040434040407F4141E1
:10B1E00041414140000000007C40404040FF404061
:10B1F00048447800000004181057351515F515154A
:10B2000035571014180000004FBB610567ACDD3FD7
:10B21000182D4454FB21E93F9BF681D20B73EF3F7D
:10B22000182D4454FB21F93FE2652F227F2B7A3CF5
:10B23000075C143326A6813CBDCBF07A8807703CAE
:10B24000075C143326A6913CC4EB98999999C9BF21
:10B25000711623FEC671BCBF6D9A74AFF2B0B3BF56
:10B260009AFDDE522DDEADBF2F6C6A2C44B4A2BF16
:10B270000D5555555555D53FFF8300922449C23F82
:10B280006E204CC5CD45B73F513DD0A0660DB13FB6
:10B29000EB0D76244B7BA93F11DA22E33AAD903FC8
:10B2A000000000000000F03F000000000000F83F38
:10B2B00000000000000000000000004003B8E23F72
:10B2C000000000000000000006D0CF43EBFD4C3E24
:10B2D000033333333333E33FFFAB6FDBB66DDB3F19
:10B2E0004D268F515555D53F01411DA96074D13F61
:10B2F00065DBC9934A86CD3FEF4E454A287ECA3F5B
:10B300003E5555555555C53F93BDBE166CC166BFDC
:10B310002CDE25AF6A56113FF16BD2C541BDBBBED5
:10B32000D0A4BE726937663E000000000000000035
:10B3300000004054FB21F93F3163621A61B4D03DF3
:10B340000000601A61B4D03D7370032E8A19A33BCC
:10B350000000002E8A19A33BC14920259A837B391E
:10B3600000000000000000006E83F9A22915444E81
:10B37000D15727FCC0DD34F5999562DB4190433C01
:10B38000AB6351FE61C5BBDE3A6E24B7E0D24D42DD
:10B39000EA2E49061C92D1091CEB1DFE3EA729B1DD
:10B3A000F53582E88444BB2E26709CE9417E5FB46B
:10B3B00039D69139F43953838B5F849C3B28F9BD8E
:10B3C000FF97F81F0F9805DE8B112FEF1F6D0A5A9C
:10B3D000CF7E366DB709CB27663F464F2DEA5F9E7D
:10B3E000C7BA27757BF1E5EBF739073DEA92528A38
:10B3F000B15FFB6B085D8D1F7AFE10111111C13F0B
:10B4000037D60684F464963F280356C9226D6D3FF3
:10B410000165F2F2D844433FA69237A0887E143FDC
:10B42000735360DBCB75F3BEFE41B31BBAA1AB3FD8
:10B4300093846EE9E326823F1583E0FEC8DB573F25
:10B4400068108D1AF726303FE9A7F0320FB8123F87
:10B45000D47ABF74702AFB3E78B400080000002044
:10B4600028020000C4010008D4B40008280200200B
:10B47000D05E00002002000851847A030A78090196
:10B48000020304060708091001135AF4156B014260
:10B4900024120212031204120512061207120812D5
:10B4A00009120A120B120C120D120E120F021510B5
:10B4B0000B1CDC0504012C29B4E9B8014C1AAA01C3
:10B4C000091B805123FA435A96040156023F640235
:04B4D0003B19000024
:040000050800018965
:00000001FF
